year,WBcode,lsc,lhc,yr_sch
1950,DZA,0.46,0.16,0.85
1955,DZA,0.5,0.14,0.84
1960,DZA,1.05,0.17,0.88
1965,DZA,1.79,0.23,1.1
1970,DZA,3.26,0.18,1.55
1975,DZA,5.1,0.38,2.11
1980,DZA,7.56,0.77,2.81
1985,DZA,11.31,1.34,3.99
1990,DZA,14.35,1.97,4.74
1995,DZA,16.37,2.53,5.41
2000,DZA,15.41,3.4,5.67
2005,DZA,14,3.78,5.54
2010,DZA,17.08,6.66,6.68
1950,BEN,0.57,0.09,0.44
1955,BEN,0.65,0.1,0.53
1960,BEN,0.74,0.11,0.61
1965,BEN,0.89,0.13,0.76
1970,BEN,1,0.13,0.84
1975,BEN,1.18,0.13,0.94
1980,BEN,2.08,0.14,1.22
1985,BEN,3.52,0.41,1.71
1990,BEN,5.51,0.52,2.16
1995,BEN,7.54,0.81,2.61
2000,BEN,10.36,1.01,3.11
2005,BEN,14.02,1.36,3.72
2010,BEN,17.77,2.01,4.43
1950,BWA,0.55,0.09,1.38
1955,BWA,0.56,0.09,1.42
1960,BWA,0.57,0.09,1.46
1965,BWA,0.56,0.06,1.71
1970,BWA,1.17,0.28,2.14
1975,BWA,1.64,0.25,2.74
1980,BWA,2.3,0.19,3.12
1985,BWA,9.68,1.09,5.29
1990,BWA,23.03,1.52,6.86
1995,BWA,25.93,1.9,8.24
2000,BWA,28.52,1.73,8.82
2005,BWA,29.32,1.79,9.22
2010,BWA,29.03,2.02,9.55
1950,BDI,0.18,0.02,0.42
1955,BDI,0.23,0.03,0.52
1960,BDI,0.31,0.05,0.67
1965,BDI,0.39,0.07,0.81
1970,BDI,0.59,0.11,1.06
1975,BDI,0.81,0.14,1.28
1980,BDI,1,0.19,1.45
1985,BDI,1.22,0.25,1.54
1990,BDI,1.59,0.24,1.74
1995,BDI,2.19,0.24,2.18
2000,BDI,2.68,0.24,2.56
2005,BDI,3.52,0.34,2.88
2010,BDI,4.97,0.54,3.35
1950,CMR,0.73,0.04,0.69
1955,CMR,0.93,0.06,0.87
1960,CMR,1.15,0.08,1.08
1965,CMR,1.71,0.11,1.43
1970,CMR,2.25,0.13,1.81
1975,CMR,3.46,0.15,2.42
1980,CMR,5.05,0.18,3.04
1985,CMR,6.77,0.28,3.7
1990,CMR,8.71,0.45,4.37
1995,CMR,10.6,0.64,5
2000,CMR,12.17,0.8,5.46
2005,CMR,13.46,1.15,5.77
2010,CMR,15.28,1.64,6.15
1950,CAF,0.39,0.05,0.39
1955,CAF,0.44,0.06,0.44
1960,CAF,0.52,0.06,0.5
1965,CAF,0.73,0.08,0.6
1970,CAF,1.04,0.09,0.82
1975,CAF,1.59,0.09,1.15
1980,CAF,2.79,0.36,1.66
1985,CAF,3.72,0.68,2.06
1990,CAF,5.48,0.87,2.67
1995,CAF,6.46,0.81,2.99
2000,CAF,7.43,0.83,3.29
2005,CAF,8.39,0.82,3.55
2010,CAF,9.54,0.83,3.76
1950,COG,0.85,0.05,0.79
1955,COG,0.93,0.08,0.97
1960,COG,1.02,0.12,1.14
1965,COG,1.57,0.25,1.57
1970,COG,2.17,0.38,2.09
1975,COG,4.66,0.78,3.28
1980,COG,6.71,1.09,4.17
1985,COG,8.33,1.09,4.97
1990,COG,8.42,1.1,5.37
1995,COG,8.82,1.14,5.62
2000,COG,7.9,0.96,5.67
2005,COG,7.17,0.79,5.77
2010,COG,6.64,0.64,5.94
1950,EGY,0.73,0.58,0.52
1955,EGY,0.87,0.78,0.67
1960,EGY,1.02,0.96,0.81
1965,EGY,1.35,1.18,1.04
1970,EGY,1.76,1.36,1.31
1975,EGY,3.16,1.3,1.69
1980,EGY,6.15,1.86,2.65
1985,EGY,10.62,1.99,3.76
1990,EGY,14.48,1.87,4.41
1995,EGY,18.07,2.18,5.12
2000,EGY,20.42,4.19,6.03
2005,EGY,23.95,5.29,6.66
2010,EGY,26.38,6.65,7.15
1950,GAB,0.37,0.12,0.47
1955,GAB,1.19,0.43,0.82
1960,GAB,1.41,0.48,1.01
1965,GAB,2.02,0.69,1.42
1970,GAB,2.47,0.9,1.82
1975,GAB,4.12,1.66,2.6
1980,GAB,5.63,2.39,3.31
1985,GAB,8.1,3.5,4.3
1990,GAB,10.65,4.1,5.25
1995,GAB,13.47,5.06,6.25
2000,GAB,15.98,5.54,7.02
2005,GAB,19.47,5.73,7.71
2010,GAB,23.18,6.3,8.39
1950,GMB,0.55,0.07,0.4
1955,GMB,0.68,0.09,0.43
1960,GMB,0.8,0.1,0.47
1965,GMB,0.96,0.1,0.52
1970,GMB,1.09,0.1,0.57
1975,GMB,1.33,0.09,0.73
1980,GMB,1.64,0.27,0.97
1985,GMB,2.01,0.5,1.27
1990,GMB,2.33,0.77,1.75
1995,GMB,3.32,1.01,2.45
2000,GMB,3.49,1.02,2.64
2005,GMB,4.12,0.94,3.25
2010,GMB,4.63,0.91,3.77
1950,GHA,0.23,0.32,0.68
1955,GHA,0.36,0.34,0.8
1960,GHA,0.34,0.34,1.05
1965,GHA,2.56,0.26,1.95
1970,GHA,5.24,0.17,3.06
1975,GHA,6.67,0.38,3.86
1980,GHA,8.12,0.57,4.53
1985,GHA,9.76,0.88,5.2
1990,GHA,11.13,1.14,5.65
1995,GHA,12.68,1.39,5.89
2000,GHA,15.12,1.84,6.44
2005,GHA,17.24,1.65,7.01
2010,GHA,18.5,1.44,7
1950,CIV,0.91,0.23,0.84
1955,CIV,0.96,0.29,0.88
1960,CIV,1.07,0.37,0.96
1965,CIV,1.22,0.46,1.06
1970,CIV,1.61,0.55,1.29
1975,CIV,2.62,0.71,1.71
1980,CIV,3.14,0.83,2.06
1985,CIV,3.57,0.98,2.37
1990,CIV,4.19,0.85,2.69
1995,CIV,4.29,1.63,3.3
2000,CIV,4.92,2.08,3.87
2005,CIV,6.21,2.11,4.26
2010,CIV,8.09,2.13,4.65
1950,KEN,0.22,0.16,1.16
1955,KEN,0.22,0.17,1.31
1960,KEN,0.21,0.17,1.51
1965,KEN,0.24,0.21,1.69
1970,KEN,0.3,0.21,2.17
1975,KEN,0.7,0.42,2.66
1980,KEN,0.96,0.65,3.41
1985,KEN,1.15,0.95,4.13
1990,KEN,1.98,1.29,4.78
1995,KEN,3.23,1.74,5.26
2000,KEN,5.52,2.26,5.69
2005,KEN,9.52,2.84,6.25
2010,KEN,13.3,3.4,6.14
1950,LSO,0.56,0.04,2.47
1955,LSO,0.72,0.04,2.73
1960,LSO,0.87,0.04,2.96
1965,LSO,1.07,0.03,3.24
1970,LSO,3.01,0.05,3.55
1975,LSO,5.97,0.05,3.91
1980,LSO,8.42,0.19,4.3
1985,LSO,11.46,0.29,4.64
1990,LSO,14.87,0.39,5.12
1995,LSO,19.52,0.54,5.66
2000,LSO,24.5,0.62,6.21
2005,LSO,33,0.64,6.93
2010,LSO,13.18,0.76,5.85
1950,LBR,0.74,0.56,0.57
1955,LBR,0.77,0.5,0.62
1960,LBR,0.91,0.6,0.73
1965,LBR,1.87,0.59,0.93
1970,LBR,2.99,0.66,1.15
1975,LBR,4.92,0.87,1.66
1980,LBR,6.13,0.93,2.2
1985,LBR,6.79,1.14,2.69
1990,LBR,6.86,1.44,3.02
1995,LBR,6.89,1.69,3.08
2000,LBR,7.88,2.35,3.49
2005,LBR,9.71,2.41,3.85
2010,LBR,12.49,1.9,4.2
1950,MWI,0.11,0.03,0.96
1955,MWI,0.16,0.03,1.03
1960,MWI,0.21,0.03,1.09
1965,MWI,0.2,0,1.21
1970,MWI,0.65,0.1,1.57
1975,MWI,1.18,0.15,1.86
1980,MWI,1.49,0.16,2.34
1985,MWI,0.03,0.25,2.65
1990,MWI,1.94,0.23,2.9
1995,MWI,2.61,0.25,3.06
2000,MWI,4.74,0.21,3.48
2005,MWI,6.86,0.18,4.41
2010,MWI,7.92,0.15,4.81
1950,MLI,0.05,0.03,0.15
1955,MLI,0.07,0.04,0.17
1960,MLI,0.09,0.05,0.2
1965,MLI,0.14,0.08,0.24
1970,MLI,0.18,0.1,0.29
1975,MLI,0.36,0.14,0.45
1980,MLI,0.69,0.16,0.62
1985,MLI,0.9,0.23,0.78
1990,MLI,0.98,0.27,0.89
1995,MLI,1.11,0.33,1.01
2000,MLI,1.51,0.5,1.23
2005,MLI,2.79,0.68,1.73
2010,MLI,3.86,0.78,1.97
1950,MRT,0.24,0.07,1.27
1955,MRT,0.27,0.07,1.35
1960,MRT,0.34,0.11,1.43
1965,MRT,0.42,0.13,1.52
1970,MRT,0.63,0.23,1.66
1975,MRT,0.9,0.3,1.83
1980,MRT,1.72,0.43,2.13
1985,MRT,2.33,0.57,2.43
1990,MRT,3.38,0.64,2.76
1995,MRT,4.26,0.93,3.12
2000,MRT,5.26,1.17,3.55
2005,MRT,6.71,1.11,4.06
2010,MRT,8.21,0.97,4.53
1950,MUS,5.66,0.1,2.51
1955,MUS,7.45,0.25,2.91
1960,MUS,10.93,0.25,3.56
1965,MUS,12.88,0.34,4.23
1970,MUS,16.2,0.36,4.93
1975,MUS,18.04,0.51,5.09
1980,MUS,20.22,0.77,5.36
1985,MUS,23.35,1.11,5.86
1990,MUS,29.99,0.63,6.49
1995,MUS,27.34,0.83,6.83
2000,MUS,20.25,0.89,6.7
2005,MUS,30.55,1.6,7.84
2010,MUS,44.52,1.88,8.86
1950,MAR,0.74,0.02,0.28
1955,MAR,0.99,0.02,0.38
1960,MAR,1.28,0.06,0.49
1965,MAR,1.87,0.1,0.71
1970,MAR,2.42,0.17,0.98
1975,MAR,3.02,0.59,1.35
1980,MAR,3.84,0.7,1.76
1985,MAR,4.79,2.21,2.29
1990,MAR,5.91,2.98,2.86
1995,MAR,7.17,3.69,3.4
2000,MAR,8.46,4.07,3.82
2005,MAR,10,4.67,4.34
2010,MAR,12.13,5.35,4.96
1950,MOZ,0.23,0.03,0.49
1955,MOZ,0.29,0.03,0.65
1960,MOZ,0.34,0.03,0.82
1965,MOZ,0.38,0.04,1
1970,MOZ,0.42,0.05,1.01
1975,MOZ,0.47,0.03,0.95
1980,MOZ,0.7,0.02,1.12
1985,MOZ,0.82,0.07,1.17
1990,MOZ,0.88,0.13,1
1995,MOZ,0.95,0.14,0.93
2000,MOZ,1.38,0.2,1.08
2005,MOZ,1.89,0.23,1.28
2010,MOZ,3.38,0.26,1.93
1950,NER,0.09,0.06,0.32
1955,NER,0.09,0.07,0.34
1960,NER,0.13,0.08,0.38
1965,NER,0.19,0.09,0.4
1970,NER,0.22,0.1,0.44
1975,NER,0.37,0.13,0.52
1980,NER,0.69,0.16,0.65
1985,NER,1.08,0.23,0.83
1990,NER,1.5,0.29,1.04
1995,NER,1.81,0.36,1.23
2000,NER,2.05,0.42,1.38
2005,NER,2.55,0.47,1.57
2010,NER,3.39,0.51,1.88
1950,RWA,0.41,0.04,0.32
1955,RWA,0.43,0.04,0.45
1960,RWA,0.61,0.05,0.79
1965,RWA,0.7,0.06,0.94
1970,RWA,0.89,0.08,1.16
1975,RWA,1.07,0.1,1.44
1980,RWA,1.32,0.09,1.69
1985,RWA,1.6,0.1,1.88
1990,RWA,2.3,0.12,2.18
1995,RWA,2.92,0.14,2.66
2000,RWA,3.64,0.22,3.23
2005,RWA,4.83,0.33,3.83
2010,RWA,6.16,0.53,4.36
1950,SEN,0.2,0.07,1.76
1955,SEN,0.3,0.09,1.84
1960,SEN,0.44,0.13,2.08
1965,SEN,0.69,0.21,2.11
1970,SEN,1.12,0.31,2.29
1975,SEN,1.78,0.43,2.45
1980,SEN,2.26,0.57,2.49
1985,SEN,2.8,0.68,2.43
1990,SEN,3.19,0.74,2.33
1995,SEN,3.65,0.72,2.2
2000,SEN,3.27,0.53,1.92
2005,SEN,3.52,0.29,1.57
2010,SEN,2.19,1.25,2.74
1950,SLE,0.61,0.11,0.41
1955,SLE,0.73,0.13,0.46
1960,SLE,0.79,0.15,0.5
1965,SLE,1.05,0.2,0.67
1970,SLE,1.36,0.16,0.84
1975,SLE,1.75,0.18,1.1
1980,SLE,2.22,0.19,1.4
1985,SLE,2.74,0.33,1.75
1990,SLE,3.17,0.38,2.09
1995,SLE,3.44,0.45,2.46
2000,SLE,4.04,0.55,2.78
2005,SLE,5.15,0.67,3.22
2010,SLE,7.66,1.22,4.23
1950,ZAF,4.87,0.27,4.03
1955,ZAF,5.33,0.3,4.32
1960,ZAF,5.44,0.3,4.39
1965,ZAF,5.82,0.33,4.45
1970,ZAF,6.66,0.33,4.61
1975,ZAF,7.55,0.21,4.83
1980,ZAF,9.27,0.16,5.11
1985,ZAF,4.83,0.16,5.11
1990,ZAF,11.07,0.42,6.81
1995,ZAF,26.25,0.53,8.29
2000,ZAF,18.46,0.53,7.68
2005,ZAF,30.96,0.36,8.65
2010,ZAF,53.9,0.32,9.69
1950,SDN,0.17,0.21,0.32
1955,SDN,0.24,0.26,0.4
1960,SDN,0.31,0.29,0.48
1965,SDN,0.45,0.34,0.59
1970,SDN,0.58,0.38,0.73
1975,SDN,1.14,0.41,0.96
1980,SDN,1.69,0.38,1.27
1985,SDN,2.63,0.3,1.71
1990,SDN,3.37,0.38,2.15
1995,SDN,3.62,0.54,2.52
2000,SDN,3.34,0.87,2.82
2005,SDN,2.9,1.24,3.15
2010,SDN,2.68,1.87,3.21
1950,SWZ,1.69,0.21,1.23
1955,SWZ,1.91,0.22,1.48
1960,SWZ,2.1,0.22,1.72
1965,SWZ,2.23,0.18,2.06
1970,SWZ,3.03,0.66,2.89
1975,SWZ,4.01,1.1,3.81
1980,SWZ,5.68,1.63,4.44
1985,SWZ,8.02,2.09,5.08
1990,SWZ,7.97,1.62,5.09
1995,SWZ,7.45,1.35,5
2000,SWZ,5.56,0.94,4.44
2005,SWZ,2.94,0.02,2.99
2010,SWZ,5.4,1.64,5.06
1950,TZA,0.16,0.03,1.21
1955,TZA,0.17,0.04,1.27
1960,TZA,0.16,0.07,1.65
1965,TZA,0.18,0.09,1.83
1970,TZA,0.37,0.14,2.27
1975,TZA,0.48,0.18,2.56
1980,TZA,0.62,0.24,3.24
1985,TZA,0.71,0.3,3.67
1990,TZA,0.78,0.34,4.09
1995,TZA,0.83,0.4,4.38
2000,TZA,0.68,0.37,4.73
2005,TZA,1.1,0.34,5.11
2010,TZA,2.2,0.36,5.81
1950,TGO,0.12,0.05,0.34
1955,TGO,0.15,0.06,0.4
1960,TGO,0.2,0.07,0.49
1965,TGO,0.27,0.07,0.61
1970,TGO,0.47,0.06,0.85
1975,TGO,2.28,0.39,1.82
1980,TGO,4.39,0.67,2.8
1985,TGO,5.72,0.76,3.42
1990,TGO,7.26,0.83,3.99
1995,TGO,8.62,0.9,4.31
2000,TGO,10.55,1.05,4.75
2005,TGO,11.38,1.29,5.16
2010,TGO,9.18,1.51,5.49
1950,TUN,1.37,0.26,0.65
1955,TUN,1.67,0.3,0.78
1960,TUN,1.97,0.34,0.92
1965,TUN,2.94,0.47,1.3
1970,TUN,4.22,0.53,1.79
1975,TUN,5.85,0.54,2.45
1980,TUN,7.28,0.93,3.25
1985,TUN,9.03,1.38,3.7
1990,TUN,10.63,2.05,4.39
1995,TUN,12.46,2.48,5.07
2000,TUN,13.98,3.77,5.9
2005,TUN,15.34,5.71,6.78
2010,TUN,16.44,7.38,7.48
1950,UGA,0.73,0.01,0.89
1955,UGA,0.89,0.01,1.02
1960,UGA,1.1,0,1.16
1965,UGA,0.69,0.05,1.24
1970,UGA,0.27,0.07,1.52
1975,UGA,0.37,0.11,1.93
1980,UGA,0.73,0.15,2.29
1985,UGA,1.1,0.19,2.86
1990,UGA,1.44,0.19,3.48
1995,UGA,1.52,1.26,3.97
2000,UGA,2.01,1.75,4.33
2005,UGA,4.34,1.56,4.97
2010,UGA,6.02,1.23,5.7
1950,COD,0.3,0.01,0.58
1955,COD,0.46,0,0.65
1960,COD,0.65,0.02,0.81
1965,COD,0.9,0.04,0.99
1970,COD,1.31,0.1,1.23
1975,COD,2.05,0.2,1.55
1980,COD,3.95,0.26,2.06
1985,COD,7.36,0.37,2.75
1990,COD,9.22,0.51,3.18
1995,COD,9.79,0.65,3.37
2000,COD,10.09,0.59,3.37
2005,COD,11.03,0.5,3.49
2010,COD,12.56,0.46,3.66
1950,ZMB,0.13,0.1,1.77
1955,ZMB,0.17,0.13,1.96
1960,ZMB,0.31,0.17,2.26
1965,ZMB,0.55,0.2,2.57
1970,ZMB,0.83,0.2,2.98
1975,ZMB,2.81,0.21,3.65
1980,ZMB,5.41,0.15,4.17
1985,ZMB,8.39,0.16,4.61
1990,ZMB,12.99,0.12,4.89
1995,ZMB,11.43,0.79,6.01
2000,ZMB,11.35,0.77,6.16
2005,ZMB,11.69,0.61,6.42
2010,ZMB,16.53,0.49,7.32
1950,ZWE,3.38,0.43,1.58
1955,ZWE,3.76,0.6,1.88
1960,ZWE,4,0.76,2.24
1965,ZWE,4.2,0.93,2.51
1970,ZWE,4.64,1.08,3.01
1975,ZWE,4.93,1.29,3.45
1980,ZWE,7.92,1.61,3.89
1985,ZWE,12.56,2.01,4.67
1990,ZWE,20.75,1.83,5.73
1995,ZWE,18.69,1.32,6.7
2000,ZWE,7.19,0.53,7
2005,ZWE,8.04,0.44,7.47
2010,ZWE,6.83,0.38,7.61
1950,BRB,3.03,0.42,4.63
1955,BRB,3.27,0.48,4.79
1960,BRB,3.89,0.34,4.97
1965,BRB,10.59,0.64,6.61
1970,BRB,17.71,0.57,8.31
1975,BRB,14.54,1.37,7.65
1980,BRB,12.28,2.16,7.31
1985,BRB,14.4,2.46,7.98
1990,BRB,17.43,2.07,8.45
1995,BRB,20.62,1.56,8.88
2000,BRB,22.36,0.66,8.81
2005,BRB,22.52,1.53,9.34
2010,BRB,21.76,2.07,9.45
1950,CAN,16.44,4.33,7.6
1955,CAN,17.12,5.62,7.93
1960,CAN,18.05,6.98,8.34
1965,CAN,16.66,7.87,8.65
1970,CAN,17.39,9.66,9.14
1975,CAN,18.92,12.73,9.7
1980,CAN,20.3,14.93,10.15
1985,CAN,24.72,8.14,9.94
1990,CAN,27.25,9.93,10.33
1995,CAN,29.42,11.54,10.71
2000,CAN,30.19,13.89,10.95
2005,CAN,32.11,20.47,12.03
2010,CAN,31.79,22.67,12.32
1950,CRI,2.39,1.12,3.55
1955,CRI,2.72,1.37,3.76
1960,CRI,3.08,1.61,3.89
1965,CRI,3.71,1.85,4.12
1970,CRI,3.89,1.75,3.94
1975,CRI,7.25,3.62,5.15
1980,CRI,9.09,5.5,6.11
1985,CRI,11.17,7.39,6.7
1990,CRI,12.36,9.71,7.11
1995,CRI,13.56,11.94,7.42
2000,CRI,15.76,12.39,7.7
2005,CRI,18.78,12.56,8.12
2010,CRI,18.86,14.69,7.97
1950,DOM,0.52,0.3,2.52
1955,DOM,0.53,0.3,2.57
1960,DOM,0.61,0.31,2.76
1965,DOM,1.82,0.36,3.09
1970,DOM,3.6,0.46,3.63
1975,DOM,4.23,0.62,4.19
1980,DOM,5.61,0.99,4.87
1985,DOM,6.86,1.3,5.4
1990,DOM,8.19,1.99,6
1995,DOM,9.42,2.41,6.32
2000,DOM,10.78,2.94,6.72
2005,DOM,13.26,3.48,7.2
2010,DOM,21.88,2.89,7.78
1950,SLV,1.31,0.25,1.53
1955,SLV,1.73,0.24,1.68
1960,SLV,2.43,0.24,1.97
1965,SLV,2.86,0.67,2.36
1970,SLV,3.22,1.16,2.83
1975,SLV,3.5,2.34,3.24
1980,SLV,4.02,2.85,3.59
1985,SLV,3.57,4.83,4.25
1990,SLV,4.97,4.4,4.67
1995,SLV,7.19,5.65,5.42
2000,SLV,11.66,6.54,6.59
2005,SLV,14.74,6.39,7.34
2010,SLV,22.7,3.92,7.77
1950,GTM,1.43,0.22,1.31
1955,GTM,1.68,0.28,1.36
1960,GTM,1.83,0.35,1.4
1965,GTM,2.12,0.36,1.48
1970,GTM,2.79,0.57,1.72
1975,GTM,3.66,0.73,2.01
1980,GTM,5.39,1.41,2.86
1985,GTM,5.94,1.37,3.16
1990,GTM,7.36,1.53,3.53
1995,GTM,8.49,1.69,3.8
2000,GTM,10.9,1.74,4.1
2005,GTM,7.88,1.54,3.97
2010,GTM,10.23,0,4.57
1950,HTI,0.99,0.12,0.59
1955,HTI,1.21,0.13,0.67
1960,HTI,1.57,0.15,0.8
1965,HTI,1.97,0.16,0.95
1970,HTI,2.68,0.22,1.18
1975,HTI,3.81,0.28,1.5
1980,HTI,5.72,0.45,1.99
1985,HTI,8.18,0.4,2.94
1990,HTI,10.99,0.47,3.43
1995,HTI,14.04,0.51,3.92
2000,HTI,17.4,0.55,4.33
2005,HTI,21,0.6,4.81
2010,HTI,23.1,0.67,5.11
1950,HND,2.34,0.25,1.64
1955,HND,2.62,0.26,1.75
1960,HND,3.13,0.24,1.92
1965,HND,3.54,0.32,2.1
1970,HND,4.01,0.4,2.33
1975,HND,4.61,0.44,2.64
1980,HND,6.96,1.08,3.62
1985,HND,9.82,1.55,4.49
1990,HND,10.23,1.75,4.89
1995,HND,11.3,1.97,5.26
2000,HND,12.26,2.39,5.65
2005,HND,14.98,2.46,6.03
2010,HND,16.13,1.93,6.19
1950,JAM,1.53,0.19,3.59
1955,JAM,1.7,0.2,3.67
1960,JAM,2.49,0.18,3.87
1965,JAM,3.67,0.4,4.4
1970,JAM,4.55,0.55,4.86
1975,JAM,7.12,0.73,5.42
1980,JAM,11.6,0.75,6.08
1985,JAM,15.67,1.2,6.63
1990,JAM,19.25,1.73,7.15
1995,JAM,24.07,4.4,8.18
2000,JAM,28.32,7.09,9.14
2005,JAM,31.7,7.7,9.66
2010,JAM,34.23,8.37,9.87
1950,MEX,1.46,0.89,2.19
1955,MEX,1.58,0.88,2.34
1960,MEX,1.91,0.85,2.52
1965,MEX,3.5,1.2,2.96
1970,MEX,4.05,1.55,3.39
1975,MEX,5.82,2.41,4.09
1980,MEX,8.12,3.36,4.9
1985,MEX,10.98,3.58,5.77
1990,MEX,13.39,3.87,6.47
1995,MEX,15.7,5.12,7.2
2000,MEX,16.63,6.84,7.66
2005,MEX,19.79,8.41,8.45
2010,MEX,19.41,9.81,8.79
1950,NIC,1.48,0.35,1.55
1955,NIC,1.9,1,1.83
1960,NIC,2.33,1.98,2.17
1965,NIC,3.13,3.34,2.58
1970,NIC,3.88,5.18,3.03
1975,NIC,4.4,6.02,3.32
1980,NIC,5.23,7.73,3.75
1985,NIC,6.37,8.14,4.1
1990,NIC,7.77,8.16,4.49
1995,NIC,10.4,8.37,5.02
2000,NIC,11.99,9.28,5.51
2005,NIC,14.16,9.32,5.98
2010,NIC,17.29,10.33,6.61
1950,PAN,3.48,0.85,3.76
1955,PAN,3.99,1.1,4.14
1960,PAN,4.64,1.35,4.59
1965,PAN,6.6,1.78,4.84
1970,PAN,10.12,2.1,5.21
1975,PAN,12.26,2.98,5.89
1980,PAN,16.2,3.57,6.66
1985,PAN,18.92,4.71,7.34
1990,PAN,18.07,5.91,7.65
1995,PAN,23.1,8.82,8.43
2000,PAN,20.86,12.53,8.74
2005,PAN,25.54,13.51,9.18
2010,PAN,26.38,14.37,9.27
1950,TTO,2.58,0.37,5
1955,TTO,2.9,0.45,5.32
1960,TTO,3.33,0.53,5.65
1965,TTO,3.84,0.59,5.98
1970,TTO,4.57,0.57,6.4
1975,TTO,4.91,1.1,6.93
1980,TTO,5.85,1.59,7.48
1985,TTO,8.08,1.66,7.98
1990,TTO,12.26,1.9,8.46
1995,TTO,17.66,2.65,9
2000,TTO,25.96,3.28,9.51
2005,TTO,36.83,4.72,10.08
2010,TTO,50.54,6.48,10.63
1950,USA,24.6,6.31,8.4
1955,USA,26.86,7.12,8.75
1960,USA,30.33,8.46,9.17
1965,USA,37.17,8.98,10.03
1970,USA,42.84,11.39,10.78
1975,USA,45.16,13.3,11.46
1980,USA,49.03,16.74,12.03
1985,USA,40.88,18.51,12.08
1990,USA,35.98,20.71,12.2
1995,USA,38.26,20.4,12.59
2000,USA,30.16,22.97,12.64
2005,USA,35.99,22.39,12.86
2010,USA,36.19,26.76,13.18
1950,ARG,4.42,0.63,4.85
1955,ARG,5.67,1.22,5.2
1960,ARG,7.34,1.95,5.67
1965,ARG,8.51,2.21,5.94
1970,ARG,10.14,2.52,6.31
1975,ARG,11.95,3.64,6.85
1980,ARG,15.86,3.43,7.3
1985,ARG,17.07,4.99,7.85
1990,ARG,19.38,5.77,8.37
1995,ARG,23.21,4.32,8.64
2000,ARG,24.53,3.1,8.73
2005,ARG,28.94,3.09,9.38
2010,ARG,31.07,2.87,9.51
1950,BOL,5.27,0.85,2.32
1955,BOL,5.84,1.05,2.67
1960,BOL,6.52,1.25,3.06
1965,BOL,7.6,1.6,3.57
1970,BOL,8.48,1.87,4
1975,BOL,11.27,2.24,4.6
1980,BOL,13.99,2.82,5.48
1985,BOL,17.56,3.33,6.38
1990,BOL,22.39,3.83,7.26
1995,BOL,25.39,4.67,7.83
2000,BOL,31.87,5.27,8.29
2005,BOL,27.26,7.25,8.49
2010,BOL,17.95,8.43,8.25
1950,BRA,3.22,0.44,2.08
1955,BRA,3.69,0.58,2.29
1960,BRA,4.17,0.83,2.55
1965,BRA,4.53,0.99,2.85
1970,BRA,4.82,1.24,3.29
1975,BRA,2.85,2.3,2.9
1980,BRA,3.59,2.79,3.04
1985,BRA,5.04,2.72,3.94
1990,BRA,6.72,3.03,4.69
1995,BRA,10.36,3.72,5.58
2000,BRA,16.61,3.7,6.52
2005,BRA,23.01,3.73,7.29
2010,BRA,26.37,5.63,7.89
1950,CHL,9.18,1.55,4.81
1955,CHL,10.13,1.44,4.98
1960,CHL,10.98,1.31,5.22
1965,CHL,12.19,1.93,5.66
1970,CHL,13.45,2.65,6.09
1975,CHL,14.73,2.73,6.57
1980,CHL,16.53,2.68,6.95
1985,CHL,21.65,4.44,7.65
1990,CHL,28.51,6.23,8.36
1995,CHL,28.21,7.54,8.78
2000,CHL,28.55,8.33,9.07
2005,CHL,34.07,7.43,9.67
2010,CHL,38.13,5.92,9.78
1950,COL,1.71,0.56,2.33
1955,COL,1.93,0.73,2.68
1960,COL,2.27,1.04,3.05
1965,COL,2.76,1.49,3.42
1970,COL,3.72,1.86,3.91
1975,COL,4.51,2.33,4.36
1980,COL,5.59,4.07,4.89
1985,COL,7.42,5.54,5.49
1990,COL,9.66,7.37,5.99
1995,COL,14.01,8.61,6.47
2000,COL,20.34,8.66,6.9
2005,COL,29.17,6.6,7.06
2010,COL,24.99,18.55,8.95
1950,ECU,2.67,0.4,2.55
1955,ECU,3.34,0.51,2.87
1960,ECU,4.11,0.6,3.22
1965,ECU,5.08,0.84,3.9
1970,ECU,6.1,1.09,4.42
1975,ECU,7.54,1.33,4.92
1980,ECU,11.89,3.55,6.15
1985,ECU,14.08,4.56,6.56
1990,ECU,16.2,5.83,7
1995,ECU,16.53,6.23,7.1
2000,ECU,16.3,6.98,7.1
2005,ECU,18.64,6.16,7.37
2010,ECU,25.34,5.19,7.6
1950,GUY,1.92,0.27,4.24
1955,GUY,2.53,0.35,4.56
1960,GUY,3.43,0.38,4.86
1965,GUY,5.03,0.39,5.28
1970,GUY,6.56,0.37,5.66
1975,GUY,8.17,0.63,6.04
1980,GUY,10.88,0.77,6.49
1985,GUY,13.7,0.78,6.87
1990,GUY,16.53,0.66,7.09
1995,GUY,21.59,0.47,7.68
2000,GUY,25.86,0.06,8.13
2005,GUY,29.44,0.15,8.51
2010,GUY,33.01,0.24,8.79
1950,PRY,2.43,0.39,2.69
1955,PRY,2.84,0.51,3
1960,PRY,3.66,0.65,3.43
1965,PRY,4.34,0.95,3.69
1970,PRY,5.6,1.18,4.14
1975,PRY,6.66,1.37,4.68
1980,PRY,9.33,1.97,5.2
1985,PRY,10.71,2.53,5.8
1990,PRY,12.14,3.36,6.11
1995,PRY,11.84,3.44,6.25
2000,PRY,15.27,3.74,6.23
2005,PRY,30.06,1.51,7.59
2010,PRY,20.81,3.88,7.57
1950,PER,5.12,1.18,2.83
1955,PER,5.31,1.51,3
1960,PER,6.18,1.46,3.21
1965,PER,8.06,2.21,3.7
1970,PER,10.09,3.05,4.36
1975,PER,12.39,5.07,5.32
1980,PER,13.63,6.93,6.1
1985,PER,15.49,9.71,6.62
1990,PER,18.45,13.79,7.23
1995,PER,26.57,15.53,7.88
2000,PER,24.9,20.54,8.85
2005,PER,26.53,24.37,9.55
2010,PER,37.3,12.27,8.88
1950,URY,4.51,0.81,4.34
1955,URY,5.02,0.93,4.6
1960,URY,6.06,1.01,4.87
1965,URY,7.34,1.07,5.2
1970,URY,8.93,1.54,5.7
1975,URY,10.42,2.13,6.16
1980,URY,12.55,2.65,6.7
1985,URY,14.13,3.38,7.24
1990,URY,13.78,4.22,7.45
1995,URY,13.23,5.46,7.57
2000,URY,15.39,4.5,8.07
2005,URY,15.88,3.67,7.96
2010,URY,18.56,3.5,8.17
1950,VEN,0.93,0.26,1.63
1955,VEN,1.58,0.5,1.98
1960,VEN,2.75,0.54,2.38
1965,VEN,3.78,0.77,2.66
1970,VEN,6.17,1.01,3.28
1975,VEN,8.81,1.77,4.31
1980,VEN,10.19,2.45,5.27
1985,VEN,7.61,2.49,5.12
1990,VEN,9.47,2.43,4.97
1995,VEN,8.35,2.52,5.86
2000,VEN,13.17,2.7,6.71
2005,VEN,18.99,2.97,7.51
2010,VEN,31.94,2.96,8.41
1950,AFG,0.1,0.25,0.27
1955,AFG,0.13,0.31,0.31
1960,AFG,0.17,0.41,0.37
1965,AFG,0.22,0.59,0.42
1970,AFG,0.51,1.08,0.69
1975,AFG,0.74,1.48,0.92
1980,AFG,1.15,1.96,1.22
1985,AFG,1.54,2.49,1.57
1990,AFG,1.81,2.91,1.87
1995,AFG,2.98,3.28,2.26
2000,AFG,4.69,3.5,2.86
2005,AFG,6.56,3.61,3.21
2010,AFG,8.65,3.65,3.85
1950,BHR,2.15,1.46,1
1955,BHR,2.03,1.37,1.07
1960,BHR,3.09,1.49,1.29
1965,BHR,4.79,1.79,1.75
1970,BHR,11.2,2.06,3.08
1975,BHR,13.94,2.45,4.02
1980,BHR,17.49,3.39,4.93
1985,BHR,20.41,6.28,5.65
1990,BHR,25.52,8.53,6.54
1995,BHR,29.63,9.17,7.1
2000,BHR,32.48,9.08,7.48
2005,BHR,31.57,8.8,7.19
2010,BHR,32.11,7.76,7.06
1950,BGD,1.92,0.14,0.93
1955,BGD,1.98,0.14,0.94
1960,BGD,2.24,0.18,1.02
1965,BGD,2.62,0.27,1.25
1970,BGD,3.04,0.39,1.38
1975,BGD,4.04,0.42,1.57
1980,BGD,4.89,0.54,2.25
1985,BGD,6.59,1.08,2.82
1990,BGD,8.05,1.44,3.13
1995,BGD,10.62,1.97,3.68
2000,BGD,17.62,1.98,4.48
2005,BGD,21.48,2.11,5.24
2010,BGD,24.97,2.28,5.91
1950,MMR,2.36,0.19,1.15
1955,MMR,2.45,0.21,1.21
1960,MMR,2.49,0.21,1.23
1965,MMR,2.83,0.21,1.38
1970,MMR,3.27,0.18,1.45
1975,MMR,3.12,0.09,1.6
1980,MMR,5.61,0.74,2.23
1985,MMR,7.65,1.07,2.73
1990,MMR,4.88,2.14,2.83
1995,MMR,5.98,2.35,3.22
2000,MMR,6.83,2.94,3.69
2005,MMR,8.14,3.88,4.23
2010,MMR,9.51,5.15,4.85
1950,CHN,1.81,0.21,1.61
1955,CHN,2.13,0.29,1.96
1960,CHN,2.89,0.4,2.51
1965,CHN,3.69,0.48,3.11
1970,CHN,4.89,0.46,3.82
1975,CHN,6.46,0.47,4.48
1980,CHN,9.35,0.48,5.31
1985,CHN,14.28,0.76,5.72
1990,CHN,19.88,1.08,6.04
1995,CHN,25.21,1.92,6.79
2000,CHN,27.53,2.75,7.38
2005,CHN,26.86,2.84,7.69
2010,CHN,22.85,2.71,7.95
1950,HKG,9.42,2.82,4.36
1955,HKG,9.69,2.34,4.64
1960,HKG,10.07,2.62,4.89
1965,HKG,13,2.48,5.71
1970,HKG,18.8,1.36,6.3
1975,HKG,21.17,1.63,6.91
1980,HKG,24.35,3.33,7.97
1985,HKG,28.68,4.11,8.7
1990,HKG,30.31,7.32,9.39
1995,HKG,29.98,9.26,9.41
2000,HKG,30.06,10.28,9.31
2005,HKG,32.6,19.38,11.18
2010,HKG,43.74,15.22,11.38
1950,IND,0.31,0.36,0.99
1955,IND,0.33,0.4,1.06
1960,IND,0.24,0.32,1.13
1965,IND,0.29,0.54,1.3
1970,IND,0.29,0.62,1.61
1975,IND,0.37,0.95,2.01
1980,IND,0.5,1.22,2.34
1985,IND,0.57,1.74,2.89
1990,IND,0.55,2.23,3.45
1995,IND,6.93,3.36,4.12
2000,IND,19.83,4.01,5.03
2005,IND,21.8,4.38,5.63
2010,IND,25.03,4.85,6.24
1950,IDN,0.51,0.03,1.09
1955,IDN,0.59,0.04,1.25
1960,IDN,0.9,0.04,1.57
1965,IDN,1.26,0.14,2.17
1970,IDN,2.07,0.17,2.84
1975,IDN,3.23,0.24,3.19
1980,IDN,5.15,0.25,3.63
1985,IDN,7.71,0.81,3.86
1990,IDN,10.9,0.98,4.18
1995,IDN,9.79,1.15,4.62
2000,IDN,9.72,1.21,5.15
2005,IDN,15.04,2.67,6.41
2010,IDN,22.09,3.73,7.61
1950,IRN,0.96,0.18,0.54
1955,IRN,1.29,0.23,0.66
1960,IRN,2.04,0.39,0.92
1965,IRN,3.42,0.57,1.42
1970,IRN,6.37,0.94,2.03
1975,IRN,9.56,1.53,2.67
1980,IRN,13.95,1.9,3.58
1985,IRN,18.34,2.55,4.41
1990,IRN,21.21,4.13,5.22
1995,IRN,26.39,6.36,6.35
2000,IRN,27.56,8,7.31
2005,IRN,30.65,9.74,8.06
2010,IRN,30.54,14.66,8.88
1950,IRQ,0.45,0.33,0.24
1955,IRQ,0.69,0.33,0.33
1960,IRQ,0.96,0.47,0.5
1965,IRQ,1.55,0.81,0.85
1970,IRQ,2.58,1.11,1.43
1975,IRQ,3.61,1.68,1.97
1980,IRQ,6.05,2.15,2.74
1985,IRQ,8.83,2.98,3.73
1990,IRQ,10.79,3.8,4.58
1995,IRQ,11.72,4.16,5.09
2000,IRQ,14.15,5.34,5.9
2005,IRQ,14.76,6.75,6.31
2010,IRQ,17.4,8.77,7.16
1950,ISR,18.78,4.76,7.3
1955,ISR,19.71,4.88,7.39
1960,ISR,21.21,5.3,7.66
1965,ISR,22.17,6.33,8.11
1970,ISR,25.94,6.75,8.66
1975,ISR,28.21,9.62,9.56
1980,ISR,32.14,10.95,10.27
1985,ISR,30.25,12.77,10.49
1990,ISR,30.32,14.2,10.83
1995,ISR,28.81,16.27,11.07
2000,ISR,28.36,18.34,11.34
2005,ISR,29.59,18.8,11.47
2010,ISR,39.07,20.26,12.32
1950,JPN,19.09,1.64,6.73
1955,JPN,22.78,2.07,7.19
1960,JPN,26.9,2.72,7.76
1965,JPN,19.61,2.34,7.48
1970,JPN,20.18,3.55,7.83
1975,JPN,22.18,5.66,8.38
1980,JPN,31,5.04,9.1
1985,JPN,32.92,10.76,9.63
1990,JPN,29.73,12.48,9.82
1995,JPN,34.57,14.28,10.51
2000,JPN,37.41,16.15,10.94
2005,JPN,39.62,17.88,11.3
2010,JPN,40.98,18.91,11.6
1950,JOR,2.85,0.39,1.33
1955,JOR,4.54,0.42,1.76
1960,JOR,6.25,0.66,2.41
1965,JOR,7.54,1.07,3
1970,JOR,8.35,1.76,3.47
1975,JOR,9.04,2.73,4.01
1980,JOR,8.9,2.91,4.55
1985,JOR,15.22,3.81,5.68
1990,JOR,21.95,3.48,6.61
1995,JOR,28.46,3.62,7.58
2000,JOR,31.95,3.74,8.36
2005,JOR,31.15,3.98,9.07
2010,JOR,27.09,3.8,9.59
1950,KOR,4.28,0.72,4.5
1955,KOR,6.39,0.8,5.02
1960,KOR,8.66,1.39,4.2
1965,KOR,10.98,2.16,5.32
1970,KOR,13.4,3.16,6.19
1975,KOR,18.71,3.47,7.12
1980,KOR,26.11,4.76,8.13
1985,KOR,32.19,7.18,9
1990,KOR,38.97,9.4,9.85
1995,KOR,42.9,12.9,10.49
2000,KOR,39.59,19.08,11.06
2005,KOR,42.87,22.09,11.46
2010,KOR,35.46,30.04,12.05
1950,KWT,2.56,1.26,1.48
1955,KWT,3.54,1.62,1.84
1960,KWT,5.58,1.96,2.39
1965,KWT,7.3,2.09,2.85
1970,KWT,9.94,1.82,3.27
1975,KWT,12.22,2.54,3.51
1980,KWT,16.37,3.96,4.61
1985,KWT,20.3,6.1,5.54
1990,KWT,21.94,6.1,5.92
1995,KWT,22.62,6.3,6.11
2000,KWT,20.11,5.39,6.09
2005,KWT,17.48,4.18,6.07
2010,KWT,18.7,4.28,6.34
1950,MYS,1.97,0.44,2.08
1955,MYS,2.45,0.49,2.37
1960,MYS,3.23,0.51,2.83
1965,MYS,4.65,0.56,3.39
1970,MYS,7.16,0.61,4.2
1975,MYS,10.29,0.66,4.82
1980,MYS,15.41,0.87,5.76
1985,MYS,18.77,1.98,6.72
1990,MYS,17.05,2.32,6.97
1995,MYS,27.64,2.89,8.39
2000,MYS,35.01,3.18,9.09
2005,MYS,36.01,4.45,9.71
2010,MYS,39.81,5.81,10.44
1950,NPL,0.34,0.04,0.11
1955,NPL,0.25,0.05,0.11
1960,NPL,0.33,0.08,0.13
1965,NPL,0.46,0.13,0.27
1970,NPL,0.84,0.16,0.5
1975,NPL,1,0.39,0.72
1980,NPL,1.17,0.6,0.99
1985,NPL,2.06,1.41,1.76
1990,NPL,5.14,2.12,2.49
1995,NPL,6.28,2.1,2.65
2000,NPL,7.89,1.81,2.97
2005,NPL,10.21,1.76,3.55
2010,NPL,12.59,1.75,4.23
1950,PAK,2.79,0.43,0.99
1955,PAK,2.81,0.46,1.01
1960,PAK,3.33,0.6,1.15
1965,PAK,3.78,0.81,1.39
1970,PAK,4.6,1.16,1.58
1975,PAK,5.82,1.24,1.88
1980,PAK,7.52,1.48,2.15
1985,PAK,9.21,1.62,2.51
1990,PAK,11.13,1.92,2.92
1995,PAK,12.07,4.11,3.36
2000,PAK,13.29,6.09,3.87
2005,PAK,19.17,4.02,4.93
2010,PAK,19.13,4.43,5.02
1950,PHL,5.61,1.45,2.21
1955,PHL,7.17,2.99,3.2
1960,PHL,7.9,3.44,3.46
1965,PHL,8.6,4.69,3.93
1970,PHL,9.8,7.75,4.71
1975,PHL,11.93,6.14,5.49
1980,PHL,13.08,8.24,6.21
1985,PHL,14.57,7.13,6.58
1990,PHL,16.56,6.73,7.1
1995,PHL,17.62,6.71,7.56
2000,PHL,17.85,6.55,7.87
2005,PHL,21.56,5.94,8.18
2010,PHL,23.84,5.48,8.43
1950,SAU,2.91,1.83,2.31
1955,SAU,3.48,2.04,2.51
1960,SAU,4.1,2.27,2.71
1965,SAU,4.79,2.42,3.05
1970,SAU,5.47,2.56,3.22
1975,SAU,6.89,3.12,3.73
1980,SAU,8.61,3.73,4.26
1985,SAU,10.94,4.71,5.17
1990,SAU,12.8,5.45,5.84
1995,SAU,14.97,6.15,6.34
2000,SAU,18.14,6.91,7.08
2005,SAU,22.37,6.5,7.69
2010,SAU,29.11,6.67,8.53
1950,SGP,4.54,0.7,2.71
1955,SGP,5.61,0.82,3.1
1960,SGP,7.15,1.13,3.7
1965,SGP,8.94,1.51,4.36
1970,SGP,11.55,1.33,5.2
1975,SGP,9.52,2.03,5.07
1980,SGP,9.76,2.44,5.26
1985,SGP,10.07,2.73,5.97
1990,SGP,9.52,2.6,6.66
1995,SGP,21.13,8.85,7.98
2000,SGP,40.74,13.79,9.15
2005,SGP,29.9,13.7,8.83
2010,SGP,30,29.71,10.81
1950,LKA,7.24,0.12,3.4
1955,LKA,8.88,0.15,3.7
1960,LKA,10.97,0.17,3.98
1965,LKA,13.27,0.15,4.33
1970,LKA,24.07,0.63,6.38
1975,LKA,24.45,0.55,6.72
1980,LKA,24.81,0.42,6.96
1985,LKA,29.36,1.56,7.62
1990,LKA,35.16,3.15,8.51
1995,LKA,40.97,5.25,9.35
2000,LKA,48.1,7.65,10.24
2005,LKA,35.67,8.6,10.31
2010,LKA,17.89,8.51,10.06
1950,SYR,0.33,0.21,0.85
1955,SYR,0.43,0.23,0.98
1960,SYR,0.79,0.2,1.21
1965,SYR,1.27,0.54,1.53
1970,SYR,2.37,0.48,2.04
1975,SYR,3.6,0.91,2.7
1980,SYR,3.79,1.6,3.36
1985,SYR,4.29,2.06,4.07
1990,SYR,5.08,2.36,4.47
1995,SYR,4.76,2.27,4.56
2000,SYR,4.12,1.9,4.58
2005,SYR,8.79,2.33,5.9
2010,SYR,18.09,2.55,6.7
1950,TWN,7.85,1.46,3.03
1955,TWN,8.56,1.43,3.33
1960,TWN,9.75,1.66,3.71
1965,TWN,11.1,1.86,4.11
1970,TWN,12.97,2.52,4.92
1975,TWN,19.5,2.49,5.81
1980,TWN,22.3,3.59,6.74
1985,TWN,24.75,4.31,7.4
1990,TWN,26.74,5.46,8.07
1995,TWN,28.95,6.35,8.77
2000,TWN,31.44,7.33,9.58
2005,TWN,32.98,7.65,10.54
2010,TWN,32.53,8.24,11.09
1950,THA,1.52,0.28,2.04
1955,THA,1.66,0.28,2.31
1960,THA,1.86,0.3,2.55
1965,THA,1.8,0.46,2.28
1970,THA,2.04,0.66,2.51
1975,THA,2.97,1.41,3.01
1980,THA,4.22,2.78,3.64
1985,THA,5.19,3.65,4.15
1990,THA,6.04,4.86,4.85
1995,THA,9.76,3.92,5.5
2000,THA,11.51,4.62,5.65
2005,THA,12.8,9.02,7.03
2010,THA,18.99,10.47,7.99
1950,ARE,1.79,1.02,0.79
1955,ARE,2.97,1.41,1.14
1960,ARE,4.51,1.75,1.51
1965,ARE,7.06,2.17,2.1
1970,ARE,9.29,2.55,2.54
1975,ARE,11.98,2.5,2.99
1980,ARE,16.07,3.21,3.89
1985,ARE,19.69,4.75,4.9
1990,ARE,23.53,6.42,6.11
1995,ARE,27.67,8.66,7.51
2000,ARE,29.96,9.7,8.43
2005,ARE,32.2,9.01,8.89
2010,ARE,35.68,8.54,9.07
1950,YEM,0.01,0.02,0.02
1955,YEM,0.01,0.02,0.03
1960,YEM,0.02,0.02,0.04
1965,YEM,0.02,0.02,0.05
1970,YEM,0.02,0.02,0.06
1975,YEM,0.2,0.05,0.09
1980,YEM,0.22,0.07,0.23
1985,YEM,1.21,0.21,0.61
1990,YEM,2.85,0.4,1.2
1995,YEM,3.93,0.72,1.67
2000,YEM,6,0.94,2.34
2005,YEM,8.57,1.21,3
2010,YEM,10.68,1.5,3.68
1950,AUT,2.05,1.13,5.97
1955,AUT,2.22,1.14,5.78
1960,AUT,4.25,1.21,5.86
1965,AUT,11.79,1.31,6.69
1970,AUT,18.83,1.45,7.4
1975,AUT,22.6,1.62,7.7
1980,AUT,26.33,1.55,7.89
1985,AUT,30.13,2.47,8.11
1990,AUT,34.97,2.97,8.36
1995,AUT,37.41,5.21,8.81
2000,AUT,38.76,7.06,8.97
2005,AUT,39.19,8.27,9.29
2010,AUT,40.81,9.37,9.6
1950,BEL,7.09,2.37,6.75
1955,BEL,7.83,2.71,7.04
1960,BEL,8.77,3.37,7.22
1965,BEL,9.36,4.04,7.33
1970,BEL,11.31,5.11,7.66
1975,BEL,13.4,7.41,8.03
1980,BEL,16.5,9.04,8.5
1985,BEL,19.82,11.2,8.97
1990,BEL,22.73,12.98,9.43
1995,BEL,30.12,14.51,10
2000,BEL,29.65,14.95,10.29
2005,BEL,34.15,15.82,10.59
2010,BEL,33.24,17.69,10.69
1950,CYP,4.21,1.02,3.56
1955,CYP,7.64,0.96,4.25
1960,CYP,12.17,0.93,5.14
1965,CYP,12.75,1.31,5.54
1970,CYP,15.71,1.99,5.88
1975,CYP,19.23,3.38,6.68
1980,CYP,23.13,5.79,7.5
1985,CYP,26.58,8.7,8.44
1990,CYP,28.65,11.57,9.14
1995,CYP,30.7,14.6,9.6
2000,CYP,33.29,15.89,9.94
2005,CYP,30.59,14.51,9.28
2010,CYP,35.05,20.75,11.07
1950,DNK,12.12,1.71,5.51
1955,DNK,5.7,2.74,4.6
1960,DNK,8.08,3.11,5.06
1965,DNK,11.1,3.97,5.72
1970,DNK,14.48,6.01,6.78
1975,DNK,17.95,6.58,7.46
1980,DNK,21.22,7.46,8.14
1985,DNK,22.97,9.33,8.77
1990,DNK,29.21,8.48,9.35
1995,DNK,33.44,10.37,10.04
2000,DNK,38.34,12.31,10.77
2005,DNK,38.29,14.53,11.1
2010,DNK,38.88,14.98,11.3
1950,FIN,1.13,1.38,3.86
1955,FIN,1.34,1.64,4.01
1960,FIN,1.65,1.91,4.18
1965,FIN,3.67,2.25,4.84
1970,FIN,5.87,3.17,5.73
1975,FIN,16.9,4.34,6.74
1980,FIN,24.36,6.37,7.56
1985,FIN,17.85,5.66,7.44
1990,FIN,17.11,5.67,7.55
1995,FIN,17.89,9.49,8.59
2000,FIN,19.39,10.88,9.09
2005,FIN,19.84,11.7,9.51
2010,FIN,21.65,11.88,9.84
1950,FRA,2.31,0.89,4.33
1955,FRA,2.49,1.07,4.45
1960,FRA,2.86,1.32,4.2
1965,FRA,4.23,2.06,4.65
1970,FRA,5.08,1.46,4.75
1975,FRA,8.04,3.89,5.76
1980,FRA,9.2,3.74,5.96
1985,FRA,16.71,4.86,6.91
1990,FRA,21.63,5.81,7.65
1995,FRA,28.33,7.2,8.82
2000,FRA,33.83,8.44,9.75
2005,FRA,35.91,8.71,10.12
2010,FRA,38.22,10.6,10.68
1950,GRC,8.72,1.28,4.14
1955,GRC,17.48,1.29,5.49
1960,GRC,31.87,1.7,7.39
1965,GRC,20.96,2.31,6.41
1970,GRC,19.01,3.73,6.52
1975,GRC,17.44,5.26,6.79
1980,GRC,16.27,5.87,7.1
1985,GRC,24.8,8.74,7.89
1990,GRC,33.65,11.33,8.58
1995,GRC,29.37,12.76,8.73
2000,GRC,31.42,12.22,8.89
2005,GRC,28.75,19.3,9.9
2010,GRC,29.05,22.5,10.3
1950,HUN,2.14,2.1,7.13
1955,HUN,2.36,2.35,7.27
1960,HUN,2.96,2.64,7.43
1965,HUN,3.47,2.68,7.6
1970,HUN,5.19,4.02,8.08
1975,HUN,8.57,5.13,8.57
1980,HUN,13.15,6.5,9
1985,HUN,17.03,7.27,8.99
1990,HUN,17.98,7.48,8.79
1995,HUN,32.96,8.52,10.41
2000,HUN,44.03,9.36,11.2
2005,HUN,50.31,12.57,11.66
2010,HUN,52.92,15.38,11.85
1950,ISL,4.32,1.52,5.7
1955,ISL,5.05,1.8,5.88
1960,ISL,6.51,2.08,6.14
1965,ISL,8.58,2.31,6.56
1970,ISL,11.2,2.72,7.01
1975,ISL,13.93,3.53,7.43
1980,ISL,16.06,4.62,7.88
1985,ISL,18.52,5.7,8.33
1990,ISL,21.63,6.94,8.78
1995,ISL,23.23,8.54,9.23
2000,ISL,24.23,10.71,9.67
2005,ISL,26.48,14.08,10.42
2010,ISL,25.21,17.89,11.05
1950,IRL,8.82,1.97,6.23
1955,IRL,10.15,2.19,6.48
1960,IRL,11.44,2.36,6.72
1965,IRL,13.29,2.5,7.09
1970,IRL,15.35,3.23,7.67
1975,IRL,18.47,4.42,8.42
1980,IRL,21.69,6.02,9.26
1985,IRL,24.1,8.33,9.97
1990,IRL,24.28,10.61,10.12
1995,IRL,25.28,14.07,10.39
2000,IRL,27.26,16.37,10.66
2005,IRL,29.98,20.47,11.54
2010,IRL,24.69,26.8,12.03
1950,ITA,4.08,0.67,4.21
1955,ITA,4.78,0.9,4.54
1960,ITA,5.9,0.99,4.86
1965,ITA,6.7,1.22,5.23
1970,ITA,8.34,1.25,5.63
1975,ITA,10.52,1.86,6.16
1980,ITA,13.85,1.92,6.71
1985,ITA,17.34,2.59,7.18
1990,ITA,20.15,3.53,7.7
1995,ITA,23.63,4.5,8.27
2000,ITA,28.5,4.99,8.78
2005,ITA,31.9,5.6,9.15
2010,ITA,34.54,6.84,9.63
1950,LUX,5.52,1.02,3.39
1955,LUX,7.07,1.39,4.05
1960,LUX,7.96,1.99,4.51
1965,LUX,10.64,2.56,5.33
1970,LUX,12.92,3.34,6.21
1975,LUX,16.77,4.66,7.92
1980,LUX,19.1,5.34,8.22
1985,LUX,21.37,5.96,8.5
1990,LUX,24.18,7.03,8.91
1995,LUX,25.66,8.3,9.22
2000,LUX,28.34,9.35,9.55
2005,LUX,28.47,13.29,10.26
2010,LUX,27.58,18.54,10.99
1950,MLT,4.57,2.39,3.23
1955,MLT,6.56,2.07,3.72
1960,MLT,8.73,1.78,4.26
1965,MLT,11.31,1.81,4.86
1970,MLT,15.27,2.62,5.82
1975,MLT,19.25,3.31,6.57
1980,MLT,24.94,3.81,7.21
1985,MLT,29.67,4.4,8.04
1990,MLT,33.85,5.39,8.73
1995,MLT,40.06,6.5,9.36
2000,MLT,30.16,7.4,9.78
2005,MLT,15.52,7.58,10.13
2010,MLT,16.42,10.52,10.52
1950,NLD,2.37,0.62,6.08
1955,NLD,2.64,0.65,6.14
1960,NLD,2.95,0.6,6.19
1965,NLD,6.87,2.33,7.31
1970,NLD,10.15,3.31,8.2
1975,NLD,22.32,4.79,8.93
1980,NLD,29.11,6.19,9.46
1985,NLD,32.96,7.84,9.92
1990,NLD,35.15,9.69,10.28
1995,NLD,35.49,11.38,10.56
2000,NLD,39.68,11.81,10.81
2005,NLD,37.33,13.63,10.8
2010,NLD,38.39,15.63,11.39
1950,NOR,4.07,0.66,7.4
1955,NOR,3.98,0.71,7.41
1960,NOR,4.7,0.68,7.48
1965,NOR,6.41,1.98,7.86
1970,NOR,9.59,2.91,8.32
1975,NOR,12.13,3.31,8.54
1980,NOR,15.2,4.38,8.96
1985,NOR,20.71,5.55,9.69
1990,NOR,25.77,7.85,10.28
1995,NOR,29.54,8.81,10.72
2000,NOR,32.59,10,11.02
2005,NOR,42.98,11.14,11.78
2010,NOR,40.3,12.16,11.59
1950,POL,8.57,1.31,5.4
1955,POL,9.57,1.51,5.67
1960,POL,10.62,1.78,6.04
1965,POL,16.58,2.39,6.72
1970,POL,20.96,2.74,7.35
1975,POL,27.41,2.87,7.91
1980,POL,14.41,2.6,8.07
1985,POL,14.88,3.52,8.5
1990,POL,40.11,3.41,9.06
1995,POL,47.72,5.47,9.86
2000,POL,52.84,6.16,10.26
2005,POL,54.67,9.78,10.94
2010,POL,58.39,11.37,11.32
1950,PRT,2.11,0.39,1.9
1955,PRT,2.36,0.41,2.06
1960,PRT,2.68,0.49,2.28
1965,PRT,3.35,0.58,2.46
1970,PRT,4.14,0.65,2.93
1975,PRT,6.75,1.06,3.8
1980,PRT,8.94,1.36,4.65
1985,PRT,11.33,2.19,5.42
1990,PRT,12.52,2.88,6
1995,PRT,14.74,3.77,6.69
2000,PRT,19.45,4.28,7.43
2005,PRT,14,3.04,7.02
2010,PRT,15.46,3.26,7.52
1950,ESP,2.13,0.74,3.83
1955,ESP,2.24,0.86,3.83
1960,ESP,2.67,1.04,4.18
1965,ESP,3.42,1.19,4.48
1970,ESP,5.14,2.28,5.59
1975,ESP,7.64,3.3,5.91
1980,ESP,11.25,4.59,6.81
1985,ESP,10.05,4.57,6.89
1990,ESP,11.34,4.23,7.02
1995,ESP,12.82,8.01,8.11
2000,ESP,15.91,10.69,8.93
2005,ESP,19.81,13.53,10.12
2010,ESP,20.27,14.96,10.27
1950,SWE,16.44,2.37,6.75
1955,SWE,17.56,2.68,7.02
1960,SWE,21.23,3.38,7.56
1965,SWE,23.86,3.72,7.96
1970,SWE,29.06,3.75,8.45
1975,SWE,34.12,6.39,9.24
1980,SWE,37.72,7.88,9.86
1985,SWE,39.03,9.13,10.2
1990,SWE,41.22,10.61,10.58
1995,SWE,44.9,11.6,11.18
2000,SWE,46.98,13.51,11.38
2005,SWE,50.36,14.32,11.81
2010,SWE,48.29,14.93,11.64
1950,CHE,14.07,5.25,8.84
1955,CHE,14.98,5.45,8.96
1960,CHE,15.21,5.7,9.04
1965,CHE,21.96,5.44,9.36
1970,CHE,28.99,5.52,9.72
1975,CHE,36.85,5.77,10.34
1980,CHE,46.6,6.07,11.06
1985,CHE,37.93,7.23,10.31
1990,CHE,35.08,8.77,10.01
1995,CHE,33.32,9.83,9.83
2000,CHE,33.26,10.02,9.78
2005,CHE,36.22,12.8,10.55
2010,CHE,48.33,17.88,13.02
1950,TUR,1.91,0.43,1.11
1955,TUR,2.29,0.48,1.38
1960,TUR,2.9,0.54,1.76
1965,TUR,3.37,0.57,2.08
1970,TUR,4.19,0.74,2.45
1975,TUR,5.52,0.73,2.92
1980,TUR,6.87,1.58,3.55
1985,TUR,4.12,6.24,4.58
1990,TUR,7.26,5.78,5.01
1995,TUR,9.93,5.31,5.44
2000,TUR,14.82,4.91,6.1
2005,TUR,18.18,4.21,6.47
2010,TUR,20.52,5.28,7.05
1950,GBR,1.99,0.89,6.39
1955,GBR,2.41,0.92,6.61
1960,GBR,2.58,0.86,6.86
1965,GBR,4.69,2.61,7.46
1970,GBR,5.6,4.42,7.91
1975,GBR,6.28,5.53,8.25
1980,GBR,7.08,5.5,8.41
1985,GBR,7.2,6.22,8.68
1990,GBR,7.07,9,9.1
1995,GBR,7.29,11.1,9.44
2000,GBR,9.52,12.83,9.92
2005,GBR,31.24,13.77,11.1
2010,GBR,47.31,15.31,12.24
1950,AUS,21.34,6.24,8.04
1955,AUS,24.45,6.74,8.27
1960,AUS,27.97,7.25,8.53
1965,AUS,32.32,7.99,8.93
1970,AUS,36.59,10.76,9.7
1975,AUS,45.71,11.6,10.52
1980,AUS,51.82,13.05,11.2
1985,AUS,52.42,13.21,11.2
1990,AUS,52.83,13.9,11.18
1995,AUS,50.62,15.87,11.2
2000,AUS,57.04,13.15,11.07
2005,AUS,55.98,15.63,11.38
2010,AUS,38.49,18.52,11.54
1950,FJI,1.65,1,3.62
1955,FJI,2.71,1.02,4.02
1960,FJI,3.37,1.16,4.47
1965,FJI,4.56,1.31,5.18
1970,FJI,6.47,1.36,5.57
1975,FJI,9.74,1.42,6.25
1980,FJI,13.32,1.77,7.04
1985,FJI,17.72,2.15,7.62
1990,FJI,28.48,3.65,9.07
1995,FJI,40.13,4.82,10.11
2000,FJI,35.53,5.75,9.76
2005,FJI,29.9,6.37,9.38
2010,FJI,36.33,7.03,9.96
1950,NZL,26.64,1.89,9.19
1955,NZL,27.51,2.11,9.48
1960,NZL,29.69,2.31,9.9
1965,NZL,31.26,2.71,9.97
1970,NZL,30.97,6.72,10.93
1975,NZL,32.16,9.29,11.71
1980,NZL,27.52,12.47,11.59
1985,NZL,24.32,14.66,11.71
1990,NZL,19.63,16.71,11.62
1995,NZL,19.71,17.39,11.68
2000,NZL,20.21,17.86,11.76
2005,NZL,16.83,18.57,11.77
2010,NZL,15.53,15.5,10.98
1950,PNG,0.99,0.03,0.51
1955,PNG,1.1,0.03,0.59
1960,PNG,1.38,0.05,0.75
1965,PNG,1.8,0.07,0.97
1970,PNG,2.7,0.08,1.33
1975,PNG,3.48,0.17,1.7
1980,PNG,4.34,0.26,2.11
1985,PNG,5.18,0.3,2.61
1990,PNG,5.81,0.36,3.05
1995,PNG,4.93,0.6,3.31
2000,PNG,4.41,0.63,3.48
2005,PNG,5.09,0.6,3.99
2010,PNG,6.28,0.54,4.26
1950,TON,3.09,0.92,5.94
1955,TON,3.34,0.88,6.11
1960,TON,3.75,1.03,6.35
1965,TON,4.5,0.89,6.69
1970,TON,4.99,0.91,7.09
1975,TON,6.56,1.05,7.67
1980,TON,7.56,1.19,8.01
1985,TON,8.45,1.2,7.98
1990,TON,10.49,2.47,8.77
1995,TON,11.72,3.28,9.33
2000,TON,11.84,4.55,9.37
2005,TON,12,5.69,9.33
2010,TON,49.88,2.91,10.82
1950,LBY,0.11,0.04,0.44
1955,LBY,0.24,0.07,0.55
1960,LBY,0.43,0.09,0.68
1965,LBY,0.78,0.09,1
1970,LBY,1.21,0.35,1.53
1975,LBY,2.66,0.46,2.19
1980,LBY,6.34,1.06,3.26
1985,LBY,12.21,1.31,4.31
1990,LBY,15.37,1.75,5.17
1995,LBY,18.58,2.26,5.89
2000,LBY,17.8,6.18,6.79
2005,LBY,16.84,8.27,7.42
2010,LBY,15.99,11.89,8
1950,NAM,6.09,0.9,2.4
1955,NAM,6.97,0.97,2.75
1960,NAM,7.64,0.95,3.07
1965,NAM,8.72,0.92,3.43
1970,NAM,9.88,0.92,3.95
1975,NAM,11.85,0.97,4.47
1980,NAM,14.02,1.02,5.02
1985,NAM,16.82,1.17,5.62
1990,NAM,18.77,1.29,6.15
1995,NAM,17.18,1.24,6.05
2000,NAM,14.9,1.25,5.72
2005,NAM,15.28,0.94,5.97
2010,NAM,16.15,0.76,6.17
1950,REU,1.71,4.21,2.85
1955,REU,1.51,5,2.75
1960,REU,2.39,2.25,2.72
1965,REU,3.43,0.21,2.85
1970,REU,5.46,0.24,3.52
1975,REU,7.49,0.29,4.34
1980,REU,9.57,0.35,5.09
1985,REU,11.56,0.49,5.69
1990,REU,13.39,0.62,6.21
1995,REU,14.97,0.76,6.67
2000,REU,16.33,0.91,7.08
2005,REU,17.77,1.05,7.45
2010,REU,19.88,1.48,7.9
1950,BLZ,0.78,4.96,7.23
1955,BLZ,0.86,5.21,7.4
1960,BLZ,1.1,5.51,7.49
1965,BLZ,1.55,3.33,7.81
1970,BLZ,2.56,0.55,7.74
1975,BLZ,3.14,0.7,7.95
1980,BLZ,4.3,0.78,7.69
1985,BLZ,4.75,2.16,7.91
1990,BLZ,6.34,3.4,8.76
1995,BLZ,10.05,3.43,9.4
2000,BLZ,16.17,3.33,10.08
2005,BLZ,24.03,3.2,10.76
2010,BLZ,30.33,3.18,11.29
1950,BRN,3.61,0.42,2.02
1955,BRN,4.03,0.48,2.27
1960,BRN,5.03,0.52,2.7
1965,BRN,6.78,1.04,3.39
1970,BRN,11.14,1.24,4.66
1975,BRN,13.05,2.86,5.68
1980,BRN,16.9,3.65,6.64
1985,BRN,20.51,3.74,7.14
1990,BRN,24.74,3.71,7.69
1995,BRN,26.52,3.91,7.98
2000,BRN,27.65,4.76,8.22
2005,BRN,28.98,5.65,8.45
2010,BRN,30.69,6.51,8.74
1950,BGR,2.94,1.75,3.82
1955,BGR,5.04,2.01,4.6
1960,BGR,5.73,2.99,4.99
1965,BGR,4.26,3,4.45
1970,BGR,8.34,4.94,6.13
1975,BGR,11.47,6.25,7.07
1980,BGR,15.21,7.25,7.84
1985,BGR,19.11,8.43,8.55
1990,BGR,20.19,8.11,8.42
1995,BGR,21.89,9.25,8.86
2000,BGR,25.39,9.79,9.28
2005,BGR,35.79,11.76,10.45
2010,BGR,46.8,13.07,11.24
1950,CZE,7.24,0.92,8.1
1955,CZE,7.91,1.1,8.24
1960,CZE,8.69,1.05,8.35
1965,CZE,13.03,1.61,8.97
1970,CZE,19.23,1.73,9.56
1975,CZE,23.66,2.48,9.94
1980,CZE,27.69,2.71,10.21
1985,CZE,28.5,4.84,10.43
1990,CZE,33.27,5.94,10.83
1995,CZE,50.88,5.47,11.99
2000,CZE,65.92,5.11,12.69
2005,CZE,69.75,5.38,12.73
2010,CZE,68.77,7.59,12.8
1950,ROU,1.59,1.05,4.38
1955,ROU,2.47,1.22,4.69
1960,ROU,4.15,1.48,5.18
1965,ROU,5.8,1.34,5.59
1970,ROU,10.57,2.09,6.7
1975,ROU,16.39,2.23,7.66
1980,ROU,21.81,2.62,8.21
1985,ROU,26.54,3.05,8.78
1990,ROU,34.74,3.33,9.32
1995,ROU,38.15,4.23,9.7
2000,ROU,42.19,4.76,10.04
2005,ROU,44.37,6.31,10.31
2010,ROU,51.31,6.61,10.67
1950,RUS,7.63,1.3,3.83
1955,RUS,9.58,1.4,4.41
1960,RUS,11.49,1.27,4.67
1965,RUS,14.63,2.33,5.34
1970,RUS,19.58,2.36,5.94
1975,RUS,24.11,4.02,6.69
1980,RUS,27.8,6.18,7.59
1985,RUS,28.91,9.81,8.57
1990,RUS,30.88,12.99,9.46
1995,RUS,28.5,13.3,9.94
2000,RUS,30.5,19.31,10.9
2005,RUS,27.7,21.77,11.2
2010,RUS,23.8,24.74,11.53
1950,CUB,1.18,0.96,3.49
1955,CUB,1.43,0.96,3.57
1960,CUB,2.87,1.12,3.99
1965,CUB,4.71,1.35,4.49
1970,CUB,7.59,1.85,5.3
1975,CUB,11.67,2.42,6.23
1980,CUB,21.56,3.51,8.06
1985,CUB,22.94,3.64,8.09
1990,CUB,26.42,4.4,8.54
1995,CUB,29.34,5.28,8.8
2000,CUB,31.07,5.59,8.91
2005,CUB,31,8.32,9.51
2010,CUB,29.48,13.32,10.16
1950,ALB,2.15,0.35,2.6
1955,ALB,2.8,0.56,2.77
1960,ALB,5.11,0.92,2.98
1965,ALB,6.45,1.38,3.41
1970,ALB,9.18,1.67,4.28
1975,ALB,12.81,1.93,5.35
1980,ALB,17.04,2.12,6.39
1985,ALB,22.44,2.66,7.78
1990,ALB,25.59,3,8.5
1995,ALB,24.86,3.17,8.22
2000,ALB,26.63,3.51,9.48
2005,ALB,32.92,2.35,9.85
2010,ALB,42.9,0.93,9.93
1950,SVK,7.3,0.91,8.13
1955,SVK,7.99,1.09,8.28
1960,SVK,8.76,1.05,8.4
1965,SVK,10.62,1.64,9
1970,SVK,14.81,1.7,9.5
1975,SVK,19.53,2.41,9.87
1980,SVK,21.48,2.56,10.14
1985,SVK,21.83,3.71,10.31
1990,SVK,32.58,3.95,10.69
1995,SVK,38.44,5.01,11.24
2000,SVK,42.6,4.69,11.2
2005,SVK,55.71,7.27,12.22
2010,SVK,61.79,8.76,12.82
1950,DEU,5.5,1.53,6.8
1955,DEU,6.67,1.63,7.43
1960,DEU,7.77,1.77,7.49
1965,DEU,8.9,1.89,7.43
1970,DEU,8.69,1.59,7.05
1975,DEU,9.12,2.74,6.98
1980,DEU,11.1,3.28,7.03
1985,DEU,13.94,3.67,7.18
1990,DEU,23.04,7.56,8.6
1995,DEU,30.16,9.32,9.44
2000,DEU,35.49,10.48,10.06
2005,DEU,51.16,10.89,11.65
2010,DEU,54.75,13.14,12.37
1950,ARM,32.25,5.12,7.22
1955,ARM,32.58,5.09,7.33
1960,ARM,37.34,6.38,7.91
1965,ARM,39.24,6.52,8.13
1970,ARM,43,6.71,8.46
1975,ARM,46.5,7.22,8.85
1980,ARM,51.54,7.78,9.44
1985,ARM,54.86,9.32,9.99
1990,ARM,57.82,10.04,10.4
1995,ARM,59.33,10.47,10.43
2000,ARM,61.77,10.08,10.44
2005,ARM,60.35,11.51,10.5
2010,ARM,57.12,15.03,10.73
1950,KHM,0.15,0.02,0.42
1955,KHM,0.22,0.02,0.64
1960,KHM,0.28,0.03,1.18
1965,KHM,0.34,0.05,1.46
1970,KHM,0.76,0.07,1.82
1975,KHM,1.1,0.11,2.2
1980,KHM,1.33,0.13,2.54
1985,KHM,1.49,0.15,2.8
1990,KHM,2.05,0.19,3.09
1995,KHM,2.38,0.24,3.27
2000,KHM,2.33,0.23,3.5
2005,KHM,3.43,0.79,4.1
2010,KHM,4.51,1.32,4.72
1950,KAZ,4.22,1.57,2.59
1955,KAZ,5.39,1.67,2.91
1960,KAZ,8.74,2.76,3.7
1965,KAZ,11.64,3.45,4.21
1970,KAZ,17.64,3.94,4.92
1975,KAZ,23.33,4.47,5.85
1980,KAZ,32.11,4.99,6.85
1985,KAZ,38.64,5.92,7.57
1990,KAZ,45.33,5.84,8.13
1995,KAZ,55.8,7.3,9.34
2000,KAZ,67.46,8.42,10.54
2005,KAZ,71.8,13.48,11.6
2010,KAZ,66.25,14.03,11.33
1950,KGZ,9.71,2.56,4.04
1955,KGZ,11.28,2.76,4.42
1960,KGZ,11.38,3.59,4.65
1965,KGZ,13.4,4.06,5.12
1970,KGZ,16.59,4.42,5.67
1975,KGZ,22.27,4.93,6.47
1980,KGZ,31.05,5.47,7.45
1985,KGZ,36.86,6.54,8.11
1990,KGZ,42.9,6.63,8.6
1995,KGZ,47.13,6.61,8.93
2000,KGZ,52.4,6.81,9.4
2005,KGZ,57.18,7.56,9.89
2010,KGZ,65.02,9,10.71
1950,LAO,0.39,0.11,1.25
1955,LAO,0.76,0.17,1.39
1960,LAO,0.81,0.26,1.57
1965,LAO,0.88,0.39,1.76
1970,LAO,1.02,0.58,2.06
1975,LAO,1.25,0.83,2.42
1980,LAO,1.59,1.15,2.84
1985,LAO,2.14,1.51,3.23
1990,LAO,2.66,1.9,3.59
1995,LAO,3.69,1.8,3.92
2000,LAO,4.51,2,4.25
2005,LAO,5.22,2.51,4.62
2010,LAO,6.04,3.3,5.02
1950,MDV,19.09,0.05,2.99
1955,MDV,19.89,0.06,3.19
1960,MDV,22.49,0.05,3.43
1965,MDV,23.57,0.08,3.66
1970,MDV,25.55,0.11,4.02
1975,MDV,27.18,0.11,4.3
1980,MDV,28.14,0.18,4.54
1985,MDV,29.88,0.23,4.82
1990,MDV,21.89,0.26,4.43
1995,MDV,14.33,0.25,4.11
2000,MDV,9.59,0.16,4.26
2005,MDV,5.49,0.26,4.69
2010,MDV,11.38,0.25,6.02
1950,MNG,4.96,1.31,1.61
1955,MNG,6.09,1.75,1.95
1960,MNG,7.95,2.54,2.52
1965,MNG,10.49,3.83,3.21
1970,MNG,12.46,4.83,3.56
1975,MNG,20.83,7.97,5.65
1980,MNG,25.13,8.63,6.35
1985,MNG,29.51,9.02,7.02
1990,MNG,36.75,8.08,7.76
1995,MNG,37.62,9.2,7.84
2000,MNG,38.9,8.16,7.88
2005,MNG,39.13,15.61,8.57
2010,MNG,45.61,19.66,9.2
1950,QAT,4.5,1.76,1.63
1955,QAT,5.17,2.57,2.1
1960,QAT,6,3.37,2.54
1965,QAT,7.5,4.41,3.21
1970,QAT,8.9,5.63,3.78
1975,QAT,10.35,5.9,4.27
1980,QAT,11.99,6.49,4.75
1985,QAT,14.01,7.15,5.18
1990,QAT,15.44,7.82,5.58
1995,QAT,17.4,8.37,6.13
2000,QAT,18.6,9.8,6.6
2005,QAT,22.91,10.55,7.29
2010,QAT,23.57,10.05,8.43
1950,TJK,10.97,1.61,4.13
1955,TJK,12.35,1.85,4.58
1960,TJK,15.45,2.71,5.25
1965,TJK,17.72,3.18,5.78
1970,TJK,23.51,3.55,6.67
1975,TJK,29.72,4.1,7.68
1980,TJK,41.42,4.8,8.7
1985,TJK,46.63,4.97,9.44
1990,TJK,53.77,4.78,9.92
1995,TJK,60.66,4.85,10.47
2000,TJK,65.35,4.1,10.63
2005,TJK,62.7,3.7,10.38
2010,TJK,62.27,3.74,10.3
1950,VNM,4.39,0.16,2.47
1955,VNM,4.27,0.18,2.48
1960,VNM,5.15,0.29,2.88
1965,VNM,6.19,0.39,3.36
1970,VNM,8.15,0.44,3.97
1975,VNM,10.01,0.5,4.56
1980,VNM,12.18,0.46,5.16
1985,VNM,7.51,0.88,4.64
1990,VNM,3.31,1.02,4.1
1995,VNM,6.14,1.56,4.85
2000,VNM,9.35,2.21,5.64
2005,VNM,13.8,2.99,6.42
2010,VNM,19.43,3.27,7.15
1950,HRV,3.76,1.26,5.66
1955,HRV,4.65,1.41,6
1960,HRV,6.14,1.73,6.41
1965,HRV,7.16,1.88,6.63
1970,HRV,9.66,2.19,7.06
1975,HRV,12.41,2.57,7.63
1980,HRV,15.92,2.92,8.04
1985,HRV,19.1,3.42,8.44
1990,HRV,23.15,3.3,8.57
1995,HRV,28.63,4.53,9.08
2000,HRV,35.63,6.29,9.71
2005,HRV,43.48,8.73,10.58
2010,HRV,49.85,11.04,11.3
1950,EST,6.83,2.19,6.13
1955,EST,6.87,2.55,6.33
1960,EST,8.47,3.37,6.72
1965,EST,9.73,3.99,7.03
1970,EST,12.15,4.7,7.38
1975,EST,15.1,5.41,7.97
1980,EST,20.45,6.17,8.46
1985,EST,24.78,7.09,8.86
1990,EST,29.38,7.13,9.19
1995,EST,36.09,11.41,10.38
2000,EST,42.43,15,11.41
2005,EST,44.48,16.58,11.77
2010,EST,46.53,18.87,12.11
1950,LVA,5.74,2.66,3.84
1955,LVA,6.28,2.89,4.06
1960,LVA,7.76,3.54,4.53
1965,LVA,9.09,4.17,4.9
1970,LVA,10.88,4.8,5.38
1975,LVA,13.02,5.41,5.96
1980,LVA,16.31,6.05,6.7
1985,LVA,19.54,7.2,7.42
1990,LVA,23.3,7.01,7.99
1995,LVA,31.45,8.36,8.99
2000,LVA,35.47,7.73,9.34
2005,LVA,41.09,9.76,10.26
2010,LVA,41.6,12.42,10.65
1950,LTU,11.16,1.45,3.71
1955,LTU,13.03,1.78,4.17
1960,LTU,16.25,2.49,4.79
1965,LTU,17.75,3.12,5.25
1970,LTU,21.47,3.88,5.87
1975,LTU,26.17,4.56,6.55
1980,LTU,31.36,5.39,7.35
1985,LTU,37.81,6.67,8.18
1990,LTU,44.88,6.41,8.81
1995,LTU,47.24,7.75,9.17
2000,LTU,49.1,8.58,9.49
2005,LTU,49.2,13.51,10.4
2010,LTU,51.25,15.6,10.89
1950,ROM,7.34,1.75,3.28
1955,ROM,8.77,1.98,3.68
1960,ROM,10.93,2.69,4.27
1965,ROM,12.9,3.21,4.8
1970,ROM,16.82,3.57,5.63
1975,ROM,21.44,4.19,6.52
1980,ROM,26.5,4.78,7.27
1985,ROM,31.41,5.67,7.92
1990,ROM,35.94,5.94,8.47
1995,ROM,38.86,6.17,8.89
2000,ROM,40.07,6.68,9.21
2005,ROM,43.76,6.57,9.57
2010,ROM,54.27,8.76,10.4
1950,SER,2.93,0.46,4.32
1955,SER,4.15,0.52,4.8
1960,SER,5.08,0.93,4.98
1965,SER,5.57,1.45,5.28
1970,SER,7.01,1.79,5.81
1975,SER,9.44,2.77,6.51
1980,SER,12.19,3.21,7.06
1985,SER,15.03,4.06,7.65
1990,SER,18.23,4.35,7.89
1995,SER,22.47,6.1,8.57
2000,SER,27.16,6.79,9
2005,SER,38.29,8.47,10.06
2010,SER,48.71,8.97,10.85
1950,SVN,6.97,0.87,5.86
1955,SVN,8.46,0.9,6.27
1960,SVN,9.14,0.71,6.43
1965,SVN,13.82,1.53,7.18
1970,SVN,18.34,1.84,7.83
1975,SVN,21.23,2.86,8.59
1980,SVN,23.96,3.36,9.07
1985,SVN,33.23,4.76,10.07
1990,SVN,43.4,5.45,10.77
1995,SVN,47.54,7.22,11.05
2000,SVN,54.1,7.99,11.35
2005,SVN,55.03,10.68,11.59
2010,SVN,56.12,13.25,11.89
1950,MAC,3.17,0.56,3.28
1955,MAC,3.37,0.62,3.35
1960,MAC,3.73,0.65,3.48
1965,MAC,4.19,0.6,3.71
1970,MAC,4.97,0.71,4.06
1975,MAC,6.52,1.32,4.54
1980,MAC,7.86,1.93,4.85
1985,MAC,9.58,2.71,5.35
1990,MAC,11.01,3.3,5.67
1995,MAC,14.25,4.98,6.17
2000,MAC,19.4,5.61,6.68
2005,MAC,25.99,6.9,7.5
2010,MAC,32.11,10.43,8.54
1950,UKR,10.37,1.66,4.37
1955,UKR,12.08,1.94,4.94
1960,UKR,14.43,2.6,5.39
1965,UKR,17.23,2.93,5.87
1970,UKR,21.2,3.12,6.26
1975,UKR,26.33,4.4,7.02
1980,UKR,32.38,6.14,7.81
1985,UKR,40.61,9.41,8.82
1990,UKR,41.5,12.36,9.53
1995,UKR,40.75,16.55,10.15
2000,UKR,36.99,20.43,10.45
2005,UKR,39.28,22.33,10.97
2010,UKR,38.63,24.55,11.15
