LOCATION,INDICATOR,obsTime,obsValue
AUT,DBTS1GDP,1995,432.7766
AUT,DBTS1GDP,1996,439.5676
AUT,DBTS1GDP,1997,440.4759
AUT,DBTS1GDP,1998,454.0735
AUT,DBTS1GDP,1999,480.909
AUT,DBTS1GDP,2000,498.9326
AUT,DBTS1GDP,2001,511.1476
AUT,DBTS1GDP,2002,506.8935
AUT,DBTS1GDP,2003,519.788
AUT,DBTS1GDP,2004,532.0851
AUT,DBTS1GDP,2005,560.326
AUT,DBTS1GDP,2006,570.3561
AUT,DBTS1GDP,2007,581.7822
AUT,DBTS1GDP,2008,647.9136
AUT,DBTS1GDP,2009,644.9657
AUT,DBTS1GDP,2010,632.2279
AUT,DBTS1GDP,2011,625.4169
AUT,DBTS1GDP,2012,617.379
AUT,DBTS1GDP,2013,597.0458
AUT,DBTS1GDP,2014,583.7626
AUT,DBTS1GDP,2015,567.0101
AUT,DBTS1GDP,2016,560.6441
AUT,DBTS1GDP,2017,549.0403
AUT,DBTS11GDP,1995,81.51608
AUT,DBTS11GDP,1996,81.55381
AUT,DBTS11GDP,1997,86.45393
AUT,DBTS11GDP,1998,87.47685
AUT,DBTS11GDP,1999,92.08776
AUT,DBTS11GDP,2000,98.47989
AUT,DBTS11GDP,2001,100.5956
AUT,DBTS11GDP,2002,100.3098
AUT,DBTS11GDP,2003,103.895
AUT,DBTS11GDP,2004,100.8881
AUT,DBTS11GDP,2005,97.1649
AUT,DBTS11GDP,2006,99.61959
AUT,DBTS11GDP,2007,105.0127
AUT,DBTS11GDP,2008,106.3126
AUT,DBTS11GDP,2009,106.1709
AUT,DBTS11GDP,2010,109.2326
AUT,DBTS11GDP,2011,108.7744
AUT,DBTS11GDP,2012,109.7783
AUT,DBTS11GDP,2013,115.6194
AUT,DBTS11GDP,2014,111.3044
AUT,DBTS11GDP,2015,110.3671
AUT,DBTS11GDP,2016,112.3918
AUT,DBTS11GDP,2017,112.082
AUT,DBTS12GDP,1995,237.8542
AUT,DBTS12GDP,1996,242.8133
AUT,DBTS12GDP,1997,244.0228
AUT,DBTS12GDP,1998,253.9578
AUT,DBTS12GDP,1999,269.562
AUT,DBTS12GDP,2000,279.4027
AUT,DBTS12GDP,2001,286.7987
AUT,DBTS12GDP,2002,279.0322
AUT,DBTS12GDP,2003,288.8052
AUT,DBTS12GDP,2004,303.6572
AUT,DBTS12GDP,2005,325.7131
AUT,DBTS12GDP,2006,336.1324
AUT,DBTS12GDP,2007,346.4466
AUT,DBTS12GDP,2008,406.1955
AUT,DBTS12GDP,2009,387.4147
AUT,DBTS12GDP,2010,366.2747
AUT,DBTS12GDP,2011,361.0573
AUT,DBTS12GDP,2012,342.9082
AUT,DBTS12GDP,2013,320.7873
AUT,DBTS12GDP,2014,304.6113
AUT,DBTS12GDP,2015,289.7183
AUT,DBTS12GDP,2016,277.3842
AUT,DBTS12GDP,2017,270.8701
AUT,DBTS13GDP,1995,69.17403
AUT,DBTS13GDP,1996,69.71158
AUT,DBTS13GDP,1997,65.372
AUT,DBTS13GDP,1998,67.11701
AUT,DBTS13GDP,1999,70.72529
AUT,DBTS13GDP,2000,71.06709
AUT,DBTS13GDP,2001,72.1219
AUT,DBTS13GDP,2002,74.03432
AUT,DBTS13GDP,2003,72.54121
AUT,DBTS13GDP,2004,71.77602
AUT,DBTS13GDP,2005,76.25182
AUT,DBTS13GDP,2006,72.68636
AUT,DBTS13GDP,2007,68.96463
AUT,DBTS13GDP,2008,74.19278
AUT,DBTS13GDP,2009,86.33044
AUT,DBTS13GDP,2010,90.54397
AUT,DBTS13GDP,2011,91.4737
AUT,DBTS13GDP,2012,97.33756
AUT,DBTS13GDP,2013,94.3597
AUT,DBTS13GDP,2014,101.8692
AUT,DBTS13GDP,2015,100.7969
AUT,DBTS13GDP,2016,101.3391
AUT,DBTS13GDP,2017,94.91287
AUT,DBTS14_S15GDI,1995,62.23519
AUT,DBTS14_S15GDI,1996,64.62008
AUT,DBTS14_S15GDI,1997,66.75677
AUT,DBTS14_S15GDI,1998,66.35741
AUT,DBTS14_S15GDI,1999,69.298
AUT,DBTS14_S15GDI,2000,71.07132
AUT,DBTS14_S15GDI,2001,72.51749
AUT,DBTS14_S15GDI,2002,74.31609
AUT,DBTS14_S15GDI,2003,74.50166
AUT,DBTS14_S15GDI,2004,76.5183
AUT,DBTS14_S15GDI,2005,82.3197
AUT,DBTS14_S15GDI,2006,83.68887
AUT,DBTS14_S15GDI,2007,83.53632
AUT,DBTS14_S15GDI,2008,84.80145
AUT,DBTS14_S15GDI,2009,84.96307
AUT,DBTS14_S15GDI,2010,88.26816
AUT,DBTS14_S15GDI,2011,87.80938
AUT,DBTS14_S15GDI,2012,85.7231
AUT,DBTS14_S15GDI,2013,85.36311
AUT,DBTS14_S15GDI,2014,85.04741
AUT,DBTS14_S15GDI,2015,86.63248
AUT,DBTS14_S15GDI,2016,86.99831
AUT,DBTS14_S15GDI,2017,86.65144
BEL,DBTS1GDP,1995,606.2977
BEL,DBTS1GDP,1996,636.0541
BEL,DBTS1GDP,1997,644.5284
BEL,DBTS1GDP,1998,636.3507
BEL,DBTS1GDP,1999,653.1564
BEL,DBTS1GDP,2000,636.5498
BEL,DBTS1GDP,2001,656.4507
BEL,DBTS1GDP,2002,653.2059
BEL,DBTS1GDP,2003,678.4946
BEL,DBTS1GDP,2004,691.8018
BEL,DBTS1GDP,2005,731.8693
BEL,DBTS1GDP,2006,741.9861
BEL,DBTS1GDP,2007,783.7031
BEL,DBTS1GDP,2008,803.3687
BEL,DBTS1GDP,2009,812.5806
BEL,DBTS1GDP,2010,770.6862
BEL,DBTS1GDP,2011,791.2905
BEL,DBTS1GDP,2012,781.2495
BEL,DBTS1GDP,2013,771.1597
BEL,DBTS1GDP,2014,786.7216
BEL,DBTS1GDP,2015,779.1995
BEL,DBTS1GDP,2016,814.8538
BEL,DBTS1GDP,2017,778.0681
BEL,DBTS1GDP,2018,755.1989
BEL,DBTS11GDP,1995,110.2454
BEL,DBTS11GDP,1996,115.0647
BEL,DBTS11GDP,1997,128.1983
BEL,DBTS11GDP,1998,118.9606
BEL,DBTS11GDP,1999,132.5412
BEL,DBTS11GDP,2000,144.1487
BEL,DBTS11GDP,2001,152.1094
BEL,DBTS11GDP,2002,150.4548
BEL,DBTS11GDP,2003,154.7542
BEL,DBTS11GDP,2004,157.1317
BEL,DBTS11GDP,2005,153.6819
BEL,DBTS11GDP,2006,155.93
BEL,DBTS11GDP,2007,165.3892
BEL,DBTS11GDP,2008,184.3011
BEL,DBTS11GDP,2009,196.4477
BEL,DBTS11GDP,2010,183.5713
BEL,DBTS11GDP,2011,192.1319
BEL,DBTS11GDP,2012,196.6797
BEL,DBTS11GDP,2013,195.4672
BEL,DBTS11GDP,2014,191.8079
BEL,DBTS11GDP,2015,193.2885
BEL,DBTS11GDP,2016,217.1898
BEL,DBTS11GDP,2017,202.0233
BEL,DBTS11GDP,2018,196.7819
BEL,DBTS12GDP,1995,306.6125
BEL,DBTS12GDP,1996,327.0513
BEL,DBTS12GDP,1997,326.5815
BEL,DBTS12GDP,1998,327.1947
BEL,DBTS12GDP,1999,341.6056
BEL,DBTS12GDP,2000,320.9719
BEL,DBTS12GDP,2001,334.3142
BEL,DBTS12GDP,2002,331.6361
BEL,DBTS12GDP,2003,357.788
BEL,DBTS12GDP,2004,371.4739
BEL,DBTS12GDP,2005,414.2317
BEL,DBTS12GDP,2006,428.6911
BEL,DBTS12GDP,2007,462.7208
BEL,DBTS12GDP,2008,453.7379
BEL,DBTS12GDP,2009,440.9396
BEL,DBTS12GDP,2010,410.9191
BEL,DBTS12GDP,2011,417.2034
BEL,DBTS12GDP,2012,393.477
BEL,DBTS12GDP,2013,385.4607
BEL,DBTS12GDP,2014,389.3398
BEL,DBTS12GDP,2015,381.7203
BEL,DBTS12GDP,2016,391.5996
BEL,DBTS12GDP,2017,382.2127
BEL,DBTS12GDP,2018,366.4802
BEL,DBTS13GDP,1995,140.3708
BEL,DBTS13GDP,1996,142.2443
BEL,DBTS13GDP,1997,136.8281
BEL,DBTS13GDP,1998,138.0175
BEL,DBTS13GDP,1999,126.6721
BEL,DBTS13GDP,2000,120.5397
BEL,DBTS13GDP,2001,119.2406
BEL,DBTS13GDP,2002,118.4241
BEL,DBTS13GDP,2003,114.8479
BEL,DBTS13GDP,2004,110.4701
BEL,DBTS13GDP,2005,108.3034
BEL,DBTS13GDP,2006,100.3739
BEL,DBTS13GDP,2007,94.14143
BEL,DBTS13GDP,2008,101.4708
BEL,DBTS13GDP,2009,109.8433
BEL,DBTS13GDP,2010,107.9802
BEL,DBTS13GDP,2011,110.6022
BEL,DBTS13GDP,2012,120.4748
BEL,DBTS13GDP,2013,118.4776
BEL,DBTS13GDP,2014,131.1118
BEL,DBTS13GDP,2015,127.8228
BEL,DBTS13GDP,2016,128.9363
BEL,DBTS13GDP,2017,122.3281
BEL,DBTS13GDP,2018,120.0801
BEL,DBTS14_S15GDI,1995,61.51244
BEL,DBTS14_S15GDI,1996,64.67738
BEL,DBTS14_S15GDI,1997,67.47659
BEL,DBTS14_S15GDI,1998,66.94059
BEL,DBTS14_S15GDI,1999,68.83
BEL,DBTS14_S15GDI,2000,66.82594
BEL,DBTS14_S15GDI,2001,63.05682
BEL,DBTS14_S15GDI,2002,64.68728
BEL,DBTS14_S15GDI,2003,66.36439
BEL,DBTS14_S15GDI,2004,70.27449
BEL,DBTS14_S15GDI,2005,75.27172
BEL,DBTS14_S15GDI,2006,78.53633
BEL,DBTS14_S15GDI,2007,82.17455
BEL,DBTS14_S15GDI,2008,84.08444
BEL,DBTS14_S15GDI,2009,85.39317
BEL,DBTS14_S15GDI,2010,89.94469
BEL,DBTS14_S15GDI,2011,95.71914
BEL,DBTS14_S15GDI,2012,96.89573
BEL,DBTS14_S15GDI,2013,98.64449
BEL,DBTS14_S15GDI,2014,102.8296
BEL,DBTS14_S15GDI,2015,105.9485
BEL,DBTS14_S15GDI,2016,107.0042
BEL,DBTS14_S15GDI,2017,108.255
CZE,DBTS1GDP,1995,293.2823
CZE,DBTS1GDP,1996,286.2833
CZE,DBTS1GDP,1997,307.6934
CZE,DBTS1GDP,1998,301.6697
CZE,DBTS1GDP,1999,307.3643
CZE,DBTS1GDP,2000,305.305
CZE,DBTS1GDP,2001,292.2177
CZE,DBTS1GDP,2002,303.9986
CZE,DBTS1GDP,2003,297.4122
CZE,DBTS1GDP,2004,283.063
CZE,DBTS1GDP,2005,288.9063
CZE,DBTS1GDP,2006,283.2066
CZE,DBTS1GDP,2007,290.8274
CZE,DBTS1GDP,2008,292.8473
CZE,DBTS1GDP,2009,315.6861
CZE,DBTS1GDP,2010,324.7702
CZE,DBTS1GDP,2011,341.8456
CZE,DBTS1GDP,2012,352.7071
CZE,DBTS1GDP,2013,377.0763
CZE,DBTS1GDP,2014,369.2109
CZE,DBTS1GDP,2015,361.2277
CZE,DBTS1GDP,2016,378.2928
CZE,DBTS1GDP,2017,409.8969
CZE,DBTS11GDP,1995,124.4315
CZE,DBTS11GDP,1996,126.7353
CZE,DBTS11GDP,1997,134.9978
CZE,DBTS11GDP,1998,131.3958
CZE,DBTS11GDP,1999,129.7517
CZE,DBTS11GDP,2000,129.201
CZE,DBTS11GDP,2001,115.7166
CZE,DBTS11GDP,2002,116.436
CZE,DBTS11GDP,2003,112.2305
CZE,DBTS11GDP,2004,103.3399
CZE,DBTS11GDP,2005,102.5602
CZE,DBTS11GDP,2006,101.3927
CZE,DBTS11GDP,2007,100.1609
CZE,DBTS11GDP,2008,93.50869
CZE,DBTS11GDP,2009,101.134
CZE,DBTS11GDP,2010,102.8463
CZE,DBTS11GDP,2011,109.1169
CZE,DBTS11GDP,2012,106.549
CZE,DBTS11GDP,2013,113.1278
CZE,DBTS11GDP,2014,110.6536
CZE,DBTS11GDP,2015,105.3549
CZE,DBTS11GDP,2016,105.9302
CZE,DBTS11GDP,2017,106.8062
CZE,DBTS12GDP,1995,134.9638
CZE,DBTS12GDP,1996,130.5925
CZE,DBTS12GDP,1997,143.3062
CZE,DBTS12GDP,1998,141.0491
CZE,DBTS12GDP,1999,141.8534
CZE,DBTS12GDP,2000,138.9965
CZE,DBTS12GDP,2001,130.7792
CZE,DBTS12GDP,2002,136.7719
CZE,DBTS12GDP,2003,129.3461
CZE,DBTS12GDP,2004,123.6103
CZE,DBTS12GDP,2005,129.9851
CZE,DBTS12GDP,2006,124.9503
CZE,DBTS12GDP,2007,131.1145
CZE,DBTS12GDP,2008,132.2124
CZE,DBTS12GDP,2009,138.3829
CZE,DBTS12GDP,2010,140.1747
CZE,DBTS12GDP,2011,144.2114
CZE,DBTS12GDP,2012,148.8873
CZE,DBTS12GDP,2013,164.6142
CZE,DBTS12GDP,2014,162.6906
CZE,DBTS12GDP,2015,166.3198
CZE,DBTS12GDP,2016,185.8655
CZE,DBTS12GDP,2017,222.0275
CZE,DBTS13GDP,1995,18.16411
CZE,DBTS13GDP,1996,16.75334
CZE,DBTS13GDP,1997,17.13012
CZE,DBTS13GDP,1998,17.98476
CZE,DBTS13GDP,1999,23.82304
CZE,DBTS13GDP,2000,24.38618
CZE,DBTS13GDP,2001,28.31914
CZE,DBTS13GDP,2002,30.58959
CZE,DBTS13GDP,2003,33.39055
CZE,DBTS13GDP,2004,32.85409
CZE,DBTS13GDP,2005,32.39288
CZE,DBTS13GDP,2006,31.94066
CZE,DBTS13GDP,2007,30.53996
CZE,DBTS13GDP,2008,34.30849
CZE,DBTS13GDP,2009,41.07794
CZE,DBTS13GDP,2010,45.57788
CZE,DBTS13GDP,2011,48.34729
CZE,DBTS13GDP,2012,57.87899
CZE,DBTS13GDP,2013,57.95966
CZE,DBTS13GDP,2014,55.25015
CZE,DBTS13GDP,2015,52.01303
CZE,DBTS13GDP,2016,47.68877
CZE,DBTS13GDP,2017,43.81718
CZE,DBTS14_S15GDI,1995,26.8115
CZE,DBTS14_S15GDI,1996,20.29157
CZE,DBTS14_S15GDI,1997,19.3797
CZE,DBTS14_S15GDI,1998,18.21333
CZE,DBTS14_S15GDI,1999,19.32253
CZE,DBTS14_S15GDI,2000,20.48546
CZE,DBTS14_S15GDI,2001,21.04058
CZE,DBTS14_S15GDI,2002,25.62319
CZE,DBTS14_S15GDI,2003,27.77763
CZE,DBTS14_S15GDI,2004,32.3648
CZE,DBTS14_S15GDI,2005,37.4169
CZE,DBTS14_S15GDI,2006,41.38506
CZE,DBTS14_S15GDI,2007,50.31625
CZE,DBTS14_S15GDI,2008,55.83082
CZE,DBTS14_S15GDI,2009,57.35677
CZE,DBTS14_S15GDI,2010,58.70211
CZE,DBTS14_S15GDI,2011,61.06325
CZE,DBTS14_S15GDI,2012,62.18027
CZE,DBTS14_S15GDI,2013,64.45927
CZE,DBTS14_S15GDI,2014,62.90488
CZE,DBTS14_S15GDI,2015,63.43763
CZE,DBTS14_S15GDI,2016,64.98534
CZE,DBTS14_S15GDI,2017,62.1592
DNK,DBTS1GDP,1995,567.7764
DNK,DBTS1GDP,1996,588.5298
DNK,DBTS1GDP,1997,614.3689
DNK,DBTS1GDP,1998,633.0348
DNK,DBTS1GDP,1999,627.7734
DNK,DBTS1GDP,2000,617.8775
DNK,DBTS1GDP,2001,646.0712
DNK,DBTS1GDP,2002,663.3
DNK,DBTS1GDP,2003,684.9243
DNK,DBTS1GDP,2004,696.0861
DNK,DBTS1GDP,2005,736.6037
DNK,DBTS1GDP,2006,774.3368
DNK,DBTS1GDP,2007,824.0671
DNK,DBTS1GDP,2008,874.4356
DNK,DBTS1GDP,2009,921.2615
DNK,DBTS1GDP,2010,928.1178
DNK,DBTS1GDP,2011,934.0673
DNK,DBTS1GDP,2012,933.7656
DNK,DBTS1GDP,2013,908.1461
DNK,DBTS1GDP,2014,919.0746
DNK,DBTS1GDP,2015,887.5143
DNK,DBTS1GDP,2016,897.978
DNK,DBTS1GDP,2017,888.9258
DNK,DBTS11GDP,1995,97.37921
DNK,DBTS11GDP,1996,107.0457
DNK,DBTS11GDP,1997,112.691
DNK,DBTS11GDP,1998,104.4409
DNK,DBTS11GDP,1999,105.0061
DNK,DBTS11GDP,2000,106.0197
DNK,DBTS11GDP,2001,103.7086
DNK,DBTS11GDP,2002,108.4777
DNK,DBTS11GDP,2003,109.1406
DNK,DBTS11GDP,2004,110.3109
DNK,DBTS11GDP,2005,104.9174
DNK,DBTS11GDP,2006,130.7484
DNK,DBTS11GDP,2007,130.0168
DNK,DBTS11GDP,2008,136.9935
DNK,DBTS11GDP,2009,136.9401
DNK,DBTS11GDP,2010,136.9537
DNK,DBTS11GDP,2011,139.7095
DNK,DBTS11GDP,2012,139.1423
DNK,DBTS11GDP,2013,135.5637
DNK,DBTS11GDP,2014,132.047
DNK,DBTS11GDP,2015,144.6706
DNK,DBTS11GDP,2016,144.8201
DNK,DBTS11GDP,2017,140.5742
DNK,DBTS12GDP,1995,285.4385
DNK,DBTS12GDP,1996,296.9026
DNK,DBTS12GDP,1997,318.4758
DNK,DBTS12GDP,1998,342.6394
DNK,DBTS12GDP,1999,345.9713
DNK,DBTS12GDP,2000,342.9872
DNK,DBTS12GDP,2001,370.0086
DNK,DBTS12GDP,2002,377.9852
DNK,DBTS12GDP,2003,396.3751
DNK,DBTS12GDP,2004,405.5921
DNK,DBTS12GDP,2005,452.2361
DNK,DBTS12GDP,2006,464.2025
DNK,DBTS12GDP,2007,512.7425
DNK,DBTS12GDP,2008,546.6103
DNK,DBTS12GDP,2009,573.2927
DNK,DBTS12GDP,2010,581.9865
DNK,DBTS12GDP,2011,579.6577
DNK,DBTS12GDP,2012,581.7597
DNK,DBTS12GDP,2013,568.2102
DNK,DBTS12GDP,2014,581.9122
DNK,DBTS12GDP,2015,547.1515
DNK,DBTS12GDP,2016,560.2366
DNK,DBTS12GDP,2017,560.2678
DNK,DBTS13GDP,1995,81.55618
DNK,DBTS13GDP,1996,79.12813
DNK,DBTS13GDP,1997,75.0022
DNK,DBTS13GDP,1998,72.57375
DNK,DBTS13GDP,1999,67.09552
DNK,DBTS13GDP,2000,60.45578
DNK,DBTS13GDP,2001,58.27706
DNK,DBTS13GDP,2002,58.14748
DNK,DBTS13GDP,2003,56.06915
DNK,DBTS13GDP,2004,52.33589
DNK,DBTS13GDP,2005,45.11943
DNK,DBTS13GDP,2006,40.49267
DNK,DBTS13GDP,2007,34.59383
DNK,DBTS13GDP,2008,41.93991
DNK,DBTS13GDP,2009,49.26745
DNK,DBTS13GDP,2010,53.44128
DNK,DBTS13GDP,2011,60.11119
DNK,DBTS13GDP,2012,60.61518
DNK,DBTS13GDP,2013,56.73219
DNK,DBTS13GDP,2014,59.14192
DNK,DBTS13GDP,2015,53.42833
DNK,DBTS13GDP,2016,51.40886
DNK,DBTS13GDP,2017,48.86773
DNK,DBTS14_S15GDI,1995,176.2878
DNK,DBTS14_S15GDI,1996,183.9985
DNK,DBTS14_S15GDI,1997,195.5392
DNK,DBTS14_S15GDI,1998,203.5316
DNK,DBTS14_S15GDI,1999,206.3379
DNK,DBTS14_S15GDI,2000,212.9835
DNK,DBTS14_S15GDI,2001,217.1719
DNK,DBTS14_S15GDI,2002,222.6575
DNK,DBTS14_S15GDI,2003,227.2155
DNK,DBTS14_S15GDI,2004,240.4172
DNK,DBTS14_S15GDI,2005,259.4552
DNK,DBTS14_S15GDI,2006,275.01
DNK,DBTS14_S15GDI,2007,296.5319
DNK,DBTS14_S15GDI,2008,308.7083
DNK,DBTS14_S15GDI,2009,313.5004
DNK,DBTS14_S15GDI,2010,301.938
DNK,DBTS14_S15GDI,2011,296.436
DNK,DBTS14_S15GDI,2012,291.2237
DNK,DBTS14_S15GDI,2013,283.8559
DNK,DBTS14_S15GDI,2014,284.0735
DNK,DBTS14_S15GDI,2015,272.0877
DNK,DBTS14_S15GDI,2016,266.8925
DNK,DBTS14_S15GDI,2017,263.6137
FIN,DBTS1GDP,1995,372.0798
FIN,DBTS1GDP,1996,359.8236
FIN,DBTS1GDP,1997,359.2308
FIN,DBTS1GDP,1998,339.1138
FIN,DBTS1GDP,1999,338.7849
FIN,DBTS1GDP,2000,337.4054
FIN,DBTS1GDP,2001,332.0548
FIN,DBTS1GDP,2002,335.0114
FIN,DBTS1GDP,2003,344.422
FIN,DBTS1GDP,2004,352.6083
FIN,DBTS1GDP,2005,363.7453
FIN,DBTS1GDP,2006,375.4174
FIN,DBTS1GDP,2007,380.2507
FIN,DBTS1GDP,2008,408.714
FIN,DBTS1GDP,2009,459.3794
FIN,DBTS1GDP,2010,504.6916
FIN,DBTS1GDP,2011,559.7616
FIN,DBTS1GDP,2012,575.1332
FIN,DBTS1GDP,2013,540.6633
FIN,DBTS1GDP,2014,558.4662
FIN,DBTS1GDP,2015,566.4328
FIN,DBTS1GDP,2016,563.7956
FIN,DBTS1GDP,2017,567.835
FIN,DBTS1GDP,2018,595.9444
FIN,DBTS11GDP,1995,103.4508
FIN,DBTS11GDP,1996,100.7907
FIN,DBTS11GDP,1997,105.5437
FIN,DBTS11GDP,1998,99.96428
FIN,DBTS11GDP,1999,103.4233
FIN,DBTS11GDP,2000,114.0466
FIN,DBTS11GDP,2001,108.5532
FIN,DBTS11GDP,2002,107.5697
FIN,DBTS11GDP,2003,111.1599
FIN,DBTS11GDP,2004,111.2092
FIN,DBTS11GDP,2005,112.0892
FIN,DBTS11GDP,2006,116.746
FIN,DBTS11GDP,2007,120.349
FIN,DBTS11GDP,2008,130.9843
FIN,DBTS11GDP,2009,133.2262
FIN,DBTS11GDP,2010,136.2614
FIN,DBTS11GDP,2011,135.101
FIN,DBTS11GDP,2012,134.2424
FIN,DBTS11GDP,2013,138.9647
FIN,DBTS11GDP,2014,144.7249
FIN,DBTS11GDP,2015,150.9002
FIN,DBTS11GDP,2016,139.5926
FIN,DBTS11GDP,2017,142.1623
FIN,DBTS11GDP,2018,137.9812
FIN,DBTS12GDP,1995,145.8318
FIN,DBTS12GDP,1996,136.1523
FIN,DBTS12GDP,1997,135.2788
FIN,DBTS12GDP,1998,124.2179
FIN,DBTS12GDP,1999,130.056
FIN,DBTS12GDP,2000,126.2621
FIN,DBTS12GDP,2001,132.4972
FIN,DBTS12GDP,2002,135.6351
FIN,DBTS12GDP,2003,137.6152
FIN,DBTS12GDP,2004,142.4642
FIN,DBTS12GDP,2005,151.3848
FIN,DBTS12GDP,2006,158.0596
FIN,DBTS12GDP,2007,161.9565
FIN,DBTS12GDP,2008,178.3136
FIN,DBTS12GDP,2009,209.8498
FIN,DBTS12GDP,2010,244.651
FIN,DBTS12GDP,2011,296.6638
FIN,DBTS12GDP,2012,304.8555
FIN,DBTS12GDP,2013,264.4838
FIN,DBTS12GDP,2014,269.8954
FIN,DBTS12GDP,2015,267.3135
FIN,DBTS12GDP,2016,273.6908
FIN,DBTS12GDP,2017,276.7142
FIN,DBTS12GDP,2018,314.7306
FIN,DBTS13GDP,1995,62.91246
FIN,DBTS13GDP,1996,63.75857
FIN,DBTS13GDP,1997,62.16655
FIN,DBTS13GDP,1998,59.1193
FIN,DBTS13GDP,1999,53.01719
FIN,DBTS13GDP,2000,51.01093
FIN,DBTS13GDP,2001,48.40519
FIN,DBTS13GDP,2002,48.23621
FIN,DBTS13GDP,2003,49.1941
FIN,DBTS13GDP,2004,49.39707
FIN,DBTS13GDP,2005,46.53166
FIN,DBTS13GDP,2006,43.08167
FIN,DBTS13GDP,2007,39.09392
FIN,DBTS13GDP,2008,38.27919
FIN,DBTS13GDP,2009,49.23079
FIN,DBTS13GDP,2010,55.06467
FIN,DBTS13GDP,2011,57.52048
FIN,DBTS13GDP,2012,64.33859
FIN,DBTS13GDP,2013,64.77638
FIN,DBTS13GDP,2014,71.6879
FIN,DBTS13GDP,2015,75.05763
FIN,DBTS13GDP,2016,75.45644
FIN,DBTS13GDP,2017,73.23397
FIN,DBTS13GDP,2018,68.93237
FIN,DBTS14_S15GDI,1995,66.1437
FIN,DBTS14_S15GDI,1996,61.53941
FIN,DBTS14_S15GDI,1997,58.81551
FIN,DBTS14_S15GDI,1998,60.30512
FIN,DBTS14_S15GDI,1999,61.6419
FIN,DBTS14_S15GDI,2000,64.43698
FIN,DBTS14_S15GDI,2001,65.81596
FIN,DBTS14_S15GDI,2002,70.45729
FIN,DBTS14_S15GDI,2003,74.59906
FIN,DBTS14_S15GDI,2004,82.67754
FIN,DBTS14_S15GDI,2005,92.26157
FIN,DBTS14_S15GDI,2006,101.5897
FIN,DBTS14_S15GDI,2007,106.2664
FIN,DBTS14_S15GDI,2008,108.4595
FIN,DBTS14_S15GDI,2009,109.0404
FIN,DBTS14_S15GDI,2010,111.4177
FIN,DBTS14_S15GDI,2011,114.2335
FIN,DBTS14_S15GDI,2012,115.645
FIN,DBTS14_S15GDI,2013,115.7595
FIN,DBTS14_S15GDI,2014,116.6462
FIN,DBTS14_S15GDI,2015,120.1059
FIN,DBTS14_S15GDI,2016,125.1274
FIN,DBTS14_S15GDI,2017,128.0252
FRA,DBTS1GDP,1995,494.887
FRA,DBTS1GDP,1996,506.7201
FRA,DBTS1GDP,1997,523.103
FRA,DBTS1GDP,1998,517.2648
FRA,DBTS1GDP,1999,538.8932
FRA,DBTS1GDP,2000,539.3088
FRA,DBTS1GDP,2001,551.2686
FRA,DBTS1GDP,2002,557.5128
FRA,DBTS1GDP,2003,567.5357
FRA,DBTS1GDP,2004,583.3151
FRA,DBTS1GDP,2005,617.9926
FRA,DBTS1GDP,2006,648.2336
FRA,DBTS1GDP,2007,692.6473
FRA,DBTS1GDP,2008,722.8179
FRA,DBTS1GDP,2009,756.4846
FRA,DBTS1GDP,2010,771.1176
FRA,DBTS1GDP,2011,800.2093
FRA,DBTS1GDP,2012,805.8391
FRA,DBTS1GDP,2013,791.6302
FRA,DBTS1GDP,2014,834.1115
FRA,DBTS1GDP,2015,846.7354
FRA,DBTS1GDP,2016,871.4935
FRA,DBTS1GDP,2017,885.8871
FRA,DBTS11GDP,1995,122.3464
FRA,DBTS11GDP,1996,120.6457
FRA,DBTS11GDP,1997,120.4376
FRA,DBTS11GDP,1998,118.5668
FRA,DBTS11GDP,1999,124.7381
FRA,DBTS11GDP,2000,132.3181
FRA,DBTS11GDP,2001,136.5265
FRA,DBTS11GDP,2002,133.0146
FRA,DBTS11GDP,2003,130.8405
FRA,DBTS11GDP,2004,130.6266
FRA,DBTS11GDP,2005,135.2332
FRA,DBTS11GDP,2006,139.1361
FRA,DBTS11GDP,2007,142.1655
FRA,DBTS11GDP,2008,145.2158
FRA,DBTS11GDP,2009,149.69
FRA,DBTS11GDP,2010,150.1584
FRA,DBTS11GDP,2011,155.4707
FRA,DBTS11GDP,2012,155.0782
FRA,DBTS11GDP,2013,152.4213
FRA,DBTS11GDP,2014,173.0178
FRA,DBTS11GDP,2015,178.3046
FRA,DBTS11GDP,2016,184.0835
FRA,DBTS11GDP,2017,186.3862
FRA,DBTS12GDP,1995,253.4432
FRA,DBTS12GDP,1996,260.1815
FRA,DBTS12GDP,1997,272.6268
FRA,DBTS12GDP,1998,268.4927
FRA,DBTS12GDP,1999,286.0956
FRA,DBTS12GDP,2000,282.0799
FRA,DBTS12GDP,2001,288.371
FRA,DBTS12GDP,2002,292.0145
FRA,DBTS12GDP,2003,298.6678
FRA,DBTS12GDP,2004,312.5763
FRA,DBTS12GDP,2005,337.6716
FRA,DBTS12GDP,2006,365.2537
FRA,DBTS12GDP,2007,405.2973
FRA,DBTS12GDP,2008,423.876
FRA,DBTS12GDP,2009,433.2353
FRA,DBTS12GDP,2010,439.1254
FRA,DBTS12GDP,2011,463.1421
FRA,DBTS12GDP,2012,462.4376
FRA,DBTS12GDP,2013,450.3385
FRA,DBTS12GDP,2014,463.5079
FRA,DBTS12GDP,2015,467.9659
FRA,DBTS12GDP,2016,481.6802
FRA,DBTS12GDP,2017,493.5702
FRA,DBTS13GDP,1995,67.29042
FRA,DBTS13GDP,1996,73.29137
FRA,DBTS13GDP,1997,75.95255
FRA,DBTS13GDP,1998,77.6053
FRA,DBTS13GDP,1999,74.01518
FRA,DBTS13GDP,2000,72.42918
FRA,DBTS13GDP,2001,71.47308
FRA,DBTS13GDP,2002,75.16156
FRA,DBTS13GDP,2003,79.07757
FRA,DBTS13GDP,2004,80.54945
FRA,DBTS13GDP,2005,82.14224
FRA,DBTS13GDP,2006,77.26933
FRA,DBTS13GDP,2007,75.94181
FRA,DBTS13GDP,2008,82.50349
FRA,DBTS13GDP,2009,97.5731
FRA,DBTS13GDP,2010,100.9953
FRA,DBTS13GDP,2011,103.8066
FRA,DBTS13GDP,2012,111.9382
FRA,DBTS13GDP,2013,112.4676
FRA,DBTS13GDP,2014,120.1551
FRA,DBTS13GDP,2015,120.8252
FRA,DBTS13GDP,2016,125.4641
FRA,DBTS13GDP,2017,124.2476
FRA,DBTS14_S15GDI,1995,64.97404
FRA,DBTS14_S15GDI,1996,67.52557
FRA,DBTS14_S15GDI,1997,71.0408
FRA,DBTS14_S15GDI,1998,71.47826
FRA,DBTS14_S15GDI,1999,73.98212
FRA,DBTS14_S15GDI,2000,72.65531
FRA,DBTS14_S15GDI,2001,74.67061
FRA,DBTS14_S15GDI,2002,76.9882
FRA,DBTS14_S15GDI,2003,80.77475
FRA,DBTS14_S15GDI,2004,82.31989
FRA,DBTS14_S15GDI,2005,87.32166
FRA,DBTS14_S15GDI,2006,91.8792
FRA,DBTS14_S15GDI,2007,95.38451
FRA,DBTS14_S15GDI,2008,96.76022
FRA,DBTS14_S15GDI,2009,103.0401
FRA,DBTS14_S15GDI,2010,106.2843
FRA,DBTS14_S15GDI,2011,106.8112
FRA,DBTS14_S15GDI,2012,101.9122
FRA,DBTS14_S15GDI,2013,103.851
FRA,DBTS14_S15GDI,2014,104.6026
FRA,DBTS14_S15GDI,2015,108.596
FRA,DBTS14_S15GDI,2016,110.7496
FRA,DBTS14_S15GDI,2017,112.6685
DEU,DBTS1GDP,1995,451.3971
DEU,DBTS1GDP,1996,480.2486
DEU,DBTS1GDP,1997,502.9696
DEU,DBTS1GDP,1998,532.5513
DEU,DBTS1GDP,1999,558.2207
DEU,DBTS1GDP,2000,578.8106
DEU,DBTS1GDP,2001,585.2464
DEU,DBTS1GDP,2002,593.9868
DEU,DBTS1GDP,2003,602.043
DEU,DBTS1GDP,2004,604.7037
DEU,DBTS1GDP,2005,614.5213
DEU,DBTS1GDP,2006,610.0351
DEU,DBTS1GDP,2007,609.2267
DEU,DBTS1GDP,2008,632.8958
DEU,DBTS1GDP,2009,650.3997
DEU,DBTS1GDP,2010,628.9368
DEU,DBTS1GDP,2011,615.6846
DEU,DBTS1GDP,2012,622.6223
DEU,DBTS1GDP,2013,586.5757
DEU,DBTS1GDP,2014,575.8373
DEU,DBTS1GDP,2015,569.3207
DEU,DBTS1GDP,2016,572.3901
DEU,DBTS1GDP,2017,571.4279
DEU,DBTS11GDP,1995,87.43739
DEU,DBTS11GDP,1996,88.95074
DEU,DBTS11GDP,1997,90.23878
DEU,DBTS11GDP,1998,92.30118
DEU,DBTS11GDP,1999,96.27717
DEU,DBTS11GDP,2000,99.36134
DEU,DBTS11GDP,2001,99.82394
DEU,DBTS11GDP,2002,101.1449
DEU,DBTS11GDP,2003,101.4372
DEU,DBTS11GDP,2004,97.41683
DEU,DBTS11GDP,2005,96.4904
DEU,DBTS11GDP,2006,97.0103
DEU,DBTS11GDP,2007,98.73804
DEU,DBTS11GDP,2008,100.9867
DEU,DBTS11GDP,2009,103.3225
DEU,DBTS11GDP,2010,98.17876
DEU,DBTS11GDP,2011,94.61937
DEU,DBTS11GDP,2012,96.01194
DEU,DBTS11GDP,2013,96.58447
DEU,DBTS11GDP,2014,94.30928
DEU,DBTS11GDP,2015,94.13745
DEU,DBTS11GDP,2016,93.85645
DEU,DBTS11GDP,2017,94.37522
DEU,DBTS12GDP,1995,247.8719
DEU,DBTS12GDP,1996,268.9393
DEU,DBTS12GDP,1997,287.0439
DEU,DBTS12GDP,1998,310.648
DEU,DBTS12GDP,1999,329.3373
DEU,DBTS12GDP,2000,347.4335
DEU,DBTS12GDP,2001,355.2913
DEU,DBTS12GDP,2002,360.4983
DEU,DBTS12GDP,2003,364.5019
DEU,DBTS12GDP,2004,369.6084
DEU,DBTS12GDP,2005,379.0186
DEU,DBTS12GDP,2006,378.5547
DEU,DBTS12GDP,2007,384.0824
DEU,DBTS12GDP,2008,403.3704
DEU,DBTS12GDP,2009,408.7942
DEU,DBTS12GDP,2010,386.0841
DEU,DBTS12GDP,2011,378.8104
DEU,DBTS12GDP,2012,380.9727
DEU,DBTS12GDP,2013,350.1858
DEU,DBTS12GDP,2014,343.006
DEU,DBTS12GDP,2015,341.8116
DEU,DBTS12GDP,2016,348.658
DEU,DBTS12GDP,2017,351.721
DEU,DBTS13GDP,1995,54.12364
DEU,DBTS13GDP,1996,57.1987
DEU,DBTS13GDP,1997,58.66096
DEU,DBTS13GDP,1998,60.54865
DEU,DBTS13GDP,1999,60.46196
DEU,DBTS13GDP,2000,59.51911
DEU,DBTS13GDP,2001,58.75711
DEU,DBTS13GDP,2002,61.20459
DEU,DBTS13GDP,2003,64.5843
DEU,DBTS13GDP,2004,67.53011
DEU,DBTS13GDP,2005,70.06332
DEU,DBTS13GDP,2006,68.25689
DEU,DBTS13GDP,2007,64.18327
DEU,DBTS13GDP,2008,68.08314
DEU,DBTS13GDP,2009,75.47145
DEU,DBTS13GDP,2010,84.45005
DEU,DBTS13GDP,2011,84.18228
DEU,DBTS13GDP,2012,88.10569
DEU,DBTS13GDP,2013,83.27205
DEU,DBTS13GDP,2014,83.34541
DEU,DBTS13GDP,2015,78.96413
DEU,DBTS13GDP,2016,76.01376
DEU,DBTS13GDP,2017,71.52236
DEU,DBTS14_S15GDI,1995,90.82158
DEU,DBTS14_S15GDI,1996,95.09614
DEU,DBTS14_S15GDI,1997,98.28815
DEU,DBTS14_S15GDI,1998,102.4101
DEU,DBTS14_S15GDI,1999,106.9669
DEU,DBTS14_S15GDI,2000,108.4494
DEU,DBTS14_S15GDI,2001,105.273
DEU,DBTS14_S15GDI,2002,105.7202
DEU,DBTS14_S15GDI,2003,104.289
DEU,DBTS14_S15GDI,2004,102.7587
DEU,DBTS14_S15GDI,2005,100.5459
DEU,DBTS14_S15GDI,2006,98.28948
DEU,DBTS14_S15GDI,2007,95.08555
DEU,DBTS14_S15GDI,2008,91.9172
DEU,DBTS14_S15GDI,2009,92.47364
DEU,DBTS14_S15GDI,2010,90.58534
DEU,DBTS14_S15GDI,2011,88.87644
DEU,DBTS14_S15GDI,2012,87.5683
DEU,DBTS14_S15GDI,2013,86.85023
DEU,DBTS14_S15GDI,2014,85.8833
DEU,DBTS14_S15GDI,2015,85.48857
DEU,DBTS14_S15GDI,2016,85.43767
DEU,DBTS14_S15GDI,2017,85.37422
GRC,DBTS1GDP,1995,280.5724
GRC,DBTS1GDP,1996,281.2381
GRC,DBTS1GDP,1997,265.804
GRC,DBTS1GDP,1998,265.4602
GRC,DBTS1GDP,1999,278.0285
GRC,DBTS1GDP,2000,311.5377
GRC,DBTS1GDP,2001,327.4833
GRC,DBTS1GDP,2002,336.8819
GRC,DBTS1GDP,2003,328.911
GRC,DBTS1GDP,2004,337.8023
GRC,DBTS1GDP,2005,366.5489
GRC,DBTS1GDP,2006,377.4698
GRC,DBTS1GDP,2007,408.3604
GRC,DBTS1GDP,2008,460.5665
GRC,DBTS1GDP,2009,505.4385
GRC,DBTS1GDP,2010,553.165
GRC,DBTS1GDP,2011,554.7211
GRC,DBTS1GDP,2012,608.1028
GRC,DBTS1GDP,2013,584.2198
GRC,DBTS1GDP,2014,572.3226
GRC,DBTS1GDP,2015,618.7072
GRC,DBTS1GDP,2016,574.5967
GRC,DBTS1GDP,2017,532.5929
GRC,DBTS11GDP,1995,36.70805
GRC,DBTS11GDP,1996,35.80893
GRC,DBTS11GDP,1997,36.36901
GRC,DBTS11GDP,1998,39.22234
GRC,DBTS11GDP,1999,41.47343
GRC,DBTS11GDP,2000,46.23065
GRC,DBTS11GDP,2001,50.53053
GRC,DBTS11GDP,2002,50.94036
GRC,DBTS11GDP,2003,50.94564
GRC,DBTS11GDP,2004,51.22708
GRC,DBTS11GDP,2005,55.37904
GRC,DBTS11GDP,2006,56.99239
GRC,DBTS11GDP,2007,61.49614
GRC,DBTS11GDP,2008,69.70124
GRC,DBTS11GDP,2009,70.87683
GRC,DBTS11GDP,2010,72.7827
GRC,DBTS11GDP,2011,72.61476
GRC,DBTS11GDP,2012,71.74794
GRC,DBTS11GDP,2013,71.3119
GRC,DBTS11GDP,2014,71.25793
GRC,DBTS11GDP,2015,70.94682
GRC,DBTS11GDP,2016,71.6334
GRC,DBTS11GDP,2017,67.45914
GRC,DBTS12GDP,1995,125.0562
GRC,DBTS12GDP,1996,122.644
GRC,DBTS12GDP,1997,110.1909
GRC,DBTS12GDP,1998,108.4042
GRC,DBTS12GDP,1999,116.5355
GRC,DBTS12GDP,2000,124.7747
GRC,DBTS12GDP,2001,128.5318
GRC,DBTS12GDP,2002,130.522
GRC,DBTS12GDP,2003,125.6187
GRC,DBTS12GDP,2004,123.8572
GRC,DBTS12GDP,2005,138.9112
GRC,DBTS12GDP,2006,145.3413
GRC,DBTS12GDP,2007,169.4724
GRC,DBTS12GDP,2008,205.9919
GRC,DBTS12GDP,2009,228.1927
GRC,DBTS12GDP,2010,272.3524
GRC,DBTS12GDP,2011,292.5878
GRC,DBTS12GDP,2012,290.5267
GRC,DBTS12GDP,2013,251.3078
GRC,DBTS12GDP,2014,235.1929
GRC,DBTS12GDP,2015,280.7506
GRC,DBTS12GDP,2016,235.0521
GRC,DBTS12GDP,2017,197.1756
GRC,DBTS13GDP,1995,97.84429
GRC,DBTS13GDP,1996,98.98184
GRC,DBTS13GDP,1997,95.69253
GRC,DBTS13GDP,1998,94.08017
GRC,DBTS13GDP,1999,96.75497
GRC,DBTS13GDP,2000,111.6979
GRC,DBTS13GDP,2001,115.2994
GRC,DBTS13GDP,2002,116.6336
GRC,DBTS13GDP,2003,109.8932
GRC,DBTS13GDP,2004,114.3387
GRC,DBTS13GDP,2005,115.8159
GRC,DBTS13GDP,2006,115.2277
GRC,DBTS13GDP,2007,112.7846
GRC,DBTS13GDP,2008,117.449
GRC,DBTS13GDP,2009,135.0054
GRC,DBTS13GDP,2010,128.9748
GRC,DBTS13GDP,2011,110.907
GRC,DBTS13GDP,2012,164.1071
GRC,DBTS13GDP,2013,179.6891
GRC,DBTS13GDP,2014,180.8163
GRC,DBTS13GDP,2015,182.9426
GRC,DBTS13GDP,2016,185.7925
GRC,DBTS13GDP,2017,188.7342
GRC,DBTS14_S15GDI,1995,15.8755
GRC,DBTS14_S15GDI,1996,19.12198
GRC,DBTS14_S15GDI,1997,20.14015
GRC,DBTS14_S15GDI,1998,19.84463
GRC,DBTS14_S15GDI,1999,21.94384
GRC,DBTS14_S15GDI,2000,28.12177
GRC,DBTS14_S15GDI,2001,34.52727
GRC,DBTS14_S15GDI,2002,40.42632
GRC,DBTS14_S15GDI,2003,44.25812
GRC,DBTS14_S15GDI,2004,51.40494
GRC,DBTS14_S15GDI,2005,62.56652
GRC,DBTS14_S15GDI,2006,68.84734
GRC,DBTS14_S15GDI,2007,76.71402
GRC,DBTS14_S15GDI,2008,80.44251
GRC,DBTS14_S15GDI,2009,81.2231
GRC,DBTS14_S15GDI,2010,96.87112
GRC,DBTS14_S15GDI,2011,101.8578
GRC,DBTS14_S15GDI,2012,108.2156
GRC,DBTS14_S15GDI,2013,110.2106
GRC,DBTS14_S15GDI,2014,106.0308
GRC,DBTS14_S15GDI,2015,104.8037
GRC,DBTS14_S15GDI,2016,101.6798
GRC,DBTS14_S15GDI,2017,96.62612
HUN,DBTS1GDP,1995,328.2753
HUN,DBTS1GDP,1996,298.1642
HUN,DBTS1GDP,1997,276.5513
HUN,DBTS1GDP,1998,274.0324
HUN,DBTS1GDP,1999,284.0679
HUN,DBTS1GDP,2000,292.5391
HUN,DBTS1GDP,2001,276.4084
HUN,DBTS1GDP,2002,269.8547
HUN,DBTS1GDP,2003,290.7649
HUN,DBTS1GDP,2004,302.1025
HUN,DBTS1GDP,2005,336.4295
HUN,DBTS1GDP,2006,360.7506
HUN,DBTS1GDP,2007,389.7622
HUN,DBTS1GDP,2008,440.2284
HUN,DBTS1GDP,2009,477.7744
HUN,DBTS1GDP,2010,461.7869
HUN,DBTS1GDP,2011,475.8235
HUN,DBTS1GDP,2012,445.1646
HUN,DBTS1GDP,2013,425.2462
HUN,DBTS1GDP,2014,426.9415
HUN,DBTS1GDP,2015,397.6816
HUN,DBTS1GDP,2016,391.8438
HUN,DBTS1GDP,2017,372.1126
HUN,DBTS1GDP,2018,362.9664
HUN,DBTS11GDP,1995,74.81149
HUN,DBTS11GDP,1996,77.85689
HUN,DBTS11GDP,1997,78.47009
HUN,DBTS11GDP,1998,79.74155
HUN,DBTS11GDP,1999,87.02659
HUN,DBTS11GDP,2000,95.77386
HUN,DBTS11GDP,2001,93.85509
HUN,DBTS11GDP,2002,86.35659
HUN,DBTS11GDP,2003,92.54908
HUN,DBTS11GDP,2004,95.508
HUN,DBTS11GDP,2005,106.0774
HUN,DBTS11GDP,2006,112.8081
HUN,DBTS11GDP,2007,124.8902
HUN,DBTS11GDP,2008,127.5625
HUN,DBTS11GDP,2009,141.0593
HUN,DBTS11GDP,2010,137.9337
HUN,DBTS11GDP,2011,140.666
HUN,DBTS11GDP,2012,131.4297
HUN,DBTS11GDP,2013,125.7015
HUN,DBTS11GDP,2014,125.4981
HUN,DBTS11GDP,2015,117.2694
HUN,DBTS11GDP,2016,115.9113
HUN,DBTS11GDP,2017,112.8494
HUN,DBTS11GDP,2018,111.4955
HUN,DBTS12GDP,1995,151.863
HUN,DBTS12GDP,1996,132.4365
HUN,DBTS12GDP,1997,119.7629
HUN,DBTS12GDP,1998,116.9966
HUN,DBTS12GDP,1999,117.9527
HUN,DBTS12GDP,2000,122.1417
HUN,DBTS12GDP,2001,108.7533
HUN,DBTS12GDP,2002,104.6349
HUN,DBTS12GDP,2003,112.327
HUN,DBTS12GDP,2004,114.2622
HUN,DBTS12GDP,2005,131.7325
HUN,DBTS12GDP,2006,144.5721
HUN,DBTS12GDP,2007,157.3484
HUN,DBTS12GDP,2008,194.6156
HUN,DBTS12GDP,2009,208.399
HUN,DBTS12GDP,2010,192.7038
HUN,DBTS12GDP,2011,197.1828
HUN,DBTS12GDP,2012,178.0713
HUN,DBTS12GDP,2013,169.3022
HUN,DBTS12GDP,2014,170.3303
HUN,DBTS12GDP,2015,154.2906
HUN,DBTS12GDP,2016,149.4059
HUN,DBTS12GDP,2017,137.7904
HUN,DBTS12GDP,2018,136.1701
HUN,DBTS13GDP,1995,87.34463
HUN,DBTS13GDP,1996,75.71893
HUN,DBTS13GDP,1997,65.83764
HUN,DBTS13GDP,1998,65.0454
HUN,DBTS13GDP,1999,66.69408
HUN,DBTS13GDP,2000,61.00681
HUN,DBTS13GDP,2001,59.04407
HUN,DBTS13GDP,2002,60.21979
HUN,DBTS13GDP,2003,60.95808
HUN,DBTS13GDP,2004,64.30528
HUN,DBTS13GDP,2005,67.22273
HUN,DBTS13GDP,2006,70.62935
HUN,DBTS13GDP,2007,71.43297
HUN,DBTS13GDP,2008,75.15065
HUN,DBTS13GDP,2009,84.1427
HUN,DBTS13GDP,2010,85.80268
HUN,DBTS13GDP,2011,94.79278
HUN,DBTS13GDP,2012,98.11501
HUN,DBTS13GDP,2013,96.54057
HUN,DBTS13GDP,2014,100.1097
HUN,DBTS13GDP,2015,99.38911
HUN,DBTS13GDP,2016,99.44367
HUN,DBTS13GDP,2017,94.07951
HUN,DBTS13GDP,2018,87.83755
HUN,DBTS14_S15GDI,1995,16.23365
HUN,DBTS14_S15GDI,1996,14.75903
HUN,DBTS14_S15GDI,1997,14.55175
HUN,DBTS14_S15GDI,1998,13.81852
HUN,DBTS14_S15GDI,1999,15.27327
HUN,DBTS14_S15GDI,2000,17.96072
HUN,DBTS14_S15GDI,2001,21.30287
HUN,DBTS14_S15GDI,2002,27.87152
HUN,DBTS14_S15GDI,2003,36.00864
HUN,DBTS14_S15GDI,2004,40.69691
HUN,DBTS14_S15GDI,2005,46.09188
HUN,DBTS14_S15GDI,2006,51.94547
HUN,DBTS14_S15GDI,2007,59.73914
HUN,DBTS14_S15GDI,2008,72.35518
HUN,DBTS14_S15GDI,2009,72.9171
HUN,DBTS14_S15GDI,2010,76.54862
HUN,DBTS14_S15GDI,2011,70.37381
HUN,DBTS14_S15GDI,2012,60.49242
HUN,DBTS14_S15GDI,2013,55.01226
HUN,DBTS14_S15GDI,2014,52.154
HUN,DBTS14_S15GDI,2015,46.26023
HUN,DBTS14_S15GDI,2016,43.61274
HUN,DBTS14_S15GDI,2017,41.01633
IRL,DBTS1GDP,2001,759.4705
IRL,DBTS1GDP,2002,743.8981
IRL,DBTS1GDP,2003,854.4777
IRL,DBTS1GDP,2004,966.365
IRL,DBTS1GDP,2005,1190.84
IRL,DBTS1GDP,2006,1302.871
IRL,DBTS1GDP,2007,1336.34
IRL,DBTS1GDP,2008,1682.605
IRL,DBTS1GDP,2009,1874.27
IRL,DBTS1GDP,2010,1906.371
IRL,DBTS1GDP,2011,1799.494
IRL,DBTS1GDP,2012,1662.984
IRL,DBTS1GDP,2013,1596.06
IRL,DBTS1GDP,2014,1571.523
IRL,DBTS1GDP,2015,1385.489
IRL,DBTS1GDP,2016,1296.91
IRL,DBTS1GDP,2017,1180.174
IRL,DBTS11GDP,2001,147.3893
IRL,DBTS11GDP,2002,134.43
IRL,DBTS11GDP,2003,126.7665
IRL,DBTS11GDP,2004,128.8562
IRL,DBTS11GDP,2005,147.3074
IRL,DBTS11GDP,2006,159.84
IRL,DBTS11GDP,2007,155.6495
IRL,DBTS11GDP,2008,203.4995
IRL,DBTS11GDP,2009,233.7794
IRL,DBTS11GDP,2010,240.8479
IRL,DBTS11GDP,2011,262.9739
IRL,DBTS11GDP,2012,278.2711
IRL,DBTS11GDP,2013,269.7591
IRL,DBTS11GDP,2014,310.4
IRL,DBTS11GDP,2015,364.1711
IRL,DBTS11GDP,2016,369.4205
IRL,DBTS11GDP,2017,330.9162
IRL,DBTS12GDP,2001,525.3699
IRL,DBTS12GDP,2002,519.1101
IRL,DBTS12GDP,2003,629.8306
IRL,DBTS12GDP,2004,731.5219
IRL,DBTS12GDP,2005,924.204
IRL,DBTS12GDP,2006,1018.969
IRL,DBTS12GDP,2007,1049.46
IRL,DBTS12GDP,2008,1315.846
IRL,DBTS12GDP,2009,1448.451
IRL,DBTS12GDP,2010,1463.598
IRL,DBTS12GDP,2011,1311.183
IRL,DBTS12GDP,2012,1147.88
IRL,DBTS12GDP,2013,1092.642
IRL,DBTS12GDP,2014,1050.519
IRL,DBTS12GDP,2015,869.8767
IRL,DBTS12GDP,2016,785.3016
IRL,DBTS12GDP,2017,718.8688
IRL,DBTS13GDP,1998,61.27766
IRL,DBTS13GDP,1999,50.48343
IRL,DBTS13GDP,2000,38.71733
IRL,DBTS13GDP,2001,35.54811
IRL,DBTS13GDP,2002,34.04624
IRL,DBTS13GDP,2003,32.84788
IRL,DBTS13GDP,2004,31.51454
IRL,DBTS13GDP,2005,31.32907
IRL,DBTS13GDP,2006,27.64148
IRL,DBTS13GDP,2007,27.4556
IRL,DBTS13GDP,2008,47.47161
IRL,DBTS13GDP,2009,67.5424
IRL,DBTS13GDP,2010,83.4975
IRL,DBTS13GDP,2011,111.456
IRL,DBTS13GDP,2012,129.3562
IRL,DBTS13GDP,2013,131.7296
IRL,DBTS13GDP,2014,121.198
IRL,DBTS13GDP,2015,88.51808
IRL,DBTS13GDP,2016,84.13502
IRL,DBTS13GDP,2017,77.23739
IRL,DBTS14_S15GDI,2001,103.6264
IRL,DBTS14_S15GDI,2002,117.9811
IRL,DBTS14_S15GDI,2003,135.8609
IRL,DBTS14_S15GDI,2004,156.112
IRL,DBTS14_S15GDI,2005,183.7328
IRL,DBTS14_S15GDI,2006,203.9254
IRL,DBTS14_S15GDI,2007,215.6219
IRL,DBTS14_S15GDI,2008,215.1288
IRL,DBTS14_S15GDI,2009,225.0347
IRL,DBTS14_S15GDI,2010,218.5136
IRL,DBTS14_S15GDI,2011,224.7877
IRL,DBTS14_S15GDI,2012,210.3182
IRL,DBTS14_S15GDI,2013,204.7459
IRL,DBTS14_S15GDI,2014,190.8742
IRL,DBTS14_S15GDI,2015,172.4827
IRL,DBTS14_S15GDI,2016,157.1407
IRL,DBTS14_S15GDI,2017,146.136
ITA,DBTS1GDP,1995,390.6505
ITA,DBTS1GDP,1996,396.1898
ITA,DBTS1GDP,1997,400.979
ITA,DBTS1GDP,1998,402.2996
ITA,DBTS1GDP,1999,415.6278
ITA,DBTS1GDP,2000,420.0866
ITA,DBTS1GDP,2001,423.4554
ITA,DBTS1GDP,2002,439.1186
ITA,DBTS1GDP,2003,449.1955
ITA,DBTS1GDP,2004,459.623
ITA,DBTS1GDP,2005,482.7089
ITA,DBTS1GDP,2006,505.6301
ITA,DBTS1GDP,2007,515.3186
ITA,DBTS1GDP,2008,535.6118
ITA,DBTS1GDP,2009,577.9911
ITA,DBTS1GDP,2010,593.1874
ITA,DBTS1GDP,2011,600.4683
ITA,DBTS1GDP,2012,641.8443
ITA,DBTS1GDP,2013,641.0785
ITA,DBTS1GDP,2014,639.8448
ITA,DBTS1GDP,2015,631.863
ITA,DBTS1GDP,2016,631.8292
ITA,DBTS1GDP,2017,634.2123
ITA,DBTS11GDP,1995,96.00649
ITA,DBTS11GDP,1996,91.9863
ITA,DBTS11GDP,1997,91.05662
ITA,DBTS11GDP,1998,90.38956
ITA,DBTS11GDP,1999,96.59994
ITA,DBTS11GDP,2000,95.71752
ITA,DBTS11GDP,2001,97.69686
ITA,DBTS11GDP,2002,101.1435
ITA,DBTS11GDP,2003,103.5934
ITA,DBTS11GDP,2004,104.914
ITA,DBTS11GDP,2005,107.2883
ITA,DBTS11GDP,2006,114.1101
ITA,DBTS11GDP,2007,117.1619
ITA,DBTS11GDP,2008,119.3314
ITA,DBTS11GDP,2009,123.8475
ITA,DBTS11GDP,2010,126.5713
ITA,DBTS11GDP,2011,129.1232
ITA,DBTS11GDP,2012,126.8538
ITA,DBTS11GDP,2013,125.1561
ITA,DBTS11GDP,2014,122.1934
ITA,DBTS11GDP,2015,117.5724
ITA,DBTS11GDP,2016,113.0787
ITA,DBTS11GDP,2017,114.1455
ITA,DBTS12GDP,1995,137.2609
ITA,DBTS12GDP,1996,140.1748
ITA,DBTS12GDP,1997,143.8039
ITA,DBTS12GDP,1998,144.9073
ITA,DBTS12GDP,1999,154.818
ITA,DBTS12GDP,2000,163.4402
ITA,DBTS12GDP,2001,164.7316
ITA,DBTS12GDP,2002,176.6471
ITA,DBTS12GDP,2003,188.2034
ITA,DBTS12GDP,2004,194.5562
ITA,DBTS12GDP,2005,209.4816
ITA,DBTS12GDP,2006,225.3224
ITA,DBTS12GDP,2007,233.9286
ITA,DBTS12GDP,2008,248.347
ITA,DBTS12GDP,2009,270.0643
ITA,DBTS12GDP,2010,282.6605
ITA,DBTS12GDP,2011,294.2596
ITA,DBTS12GDP,2012,319.3856
ITA,DBTS12GDP,2013,312.2647
ITA,DBTS12GDP,2014,301.7601
ITA,DBTS12GDP,2015,298.4518
ITA,DBTS12GDP,2016,306.0931
ITA,DBTS12GDP,2017,310.4819
ITA,DBTS13GDP,1995,121.2345
ITA,DBTS13GDP,1996,127.1257
ITA,DBTS13GDP,1997,128.6661
ITA,DBTS13GDP,1998,129.5762
ITA,DBTS13GDP,1999,123.7423
ITA,DBTS13GDP,2000,118.9894
ITA,DBTS13GDP,2001,118.1363
ITA,DBTS13GDP,2002,116.9578
ITA,DBTS13GDP,2003,114.2859
ITA,DBTS13GDP,2004,114.6943
ITA,DBTS13GDP,2005,117.4323
ITA,DBTS13GDP,2006,115.0135
ITA,DBTS13GDP,2007,110.6964
ITA,DBTS13GDP,2008,112.9941
ITA,DBTS13GDP,2009,125.9787
ITA,DBTS13GDP,2010,124.8795
ITA,DBTS13GDP,2011,117.9357
ITA,DBTS13GDP,2012,136.2351
ITA,DBTS13GDP,2013,143.6861
ITA,DBTS13GDP,2014,156.0584
ITA,DBTS13GDP,2015,157.0335
ITA,DBTS13GDP,2016,154.8939
ITA,DBTS13GDP,2017,152.3977
ITA,DBTS14_S15GDI,1995,36.30834
ITA,DBTS14_S15GDI,1996,37.41016
ITA,DBTS14_S15GDI,1997,39.69264
ITA,DBTS14_S15GDI,1998,41.78302
ITA,DBTS14_S15GDI,1999,46.3205
ITA,DBTS14_S15GDI,2000,49.84457
ITA,DBTS14_S15GDI,2001,51.86158
ITA,DBTS14_S15GDI,2002,54.52673
ITA,DBTS14_S15GDI,2003,57.5503
ITA,DBTS14_S15GDI,2004,61.00874
ITA,DBTS14_S15GDI,2005,65.63361
ITA,DBTS14_S15GDI,2006,70.18351
ITA,DBTS14_S15GDI,2007,73.94896
ITA,DBTS14_S15GDI,2008,75.1344
ITA,DBTS14_S15GDI,2009,79.38941
ITA,DBTS14_S15GDI,2010,82.74546
ITA,DBTS14_S15GDI,2011,82.19891
ITA,DBTS14_S15GDI,2012,83.72231
ITA,DBTS14_S15GDI,2013,82.44978
ITA,DBTS14_S15GDI,2014,81.61803
ITA,DBTS14_S15GDI,2015,80.56699
ITA,DBTS14_S15GDI,2016,80.32769
ITA,DBTS14_S15GDI,2017,80.30292
LUX,DBTS1GDP,1999,4089.744
LUX,DBTS1GDP,2000,4173.539
LUX,DBTS1GDP,2001,4642.119
LUX,DBTS1GDP,2002,4506.821
LUX,DBTS1GDP,2003,4902.932
LUX,DBTS1GDP,2004,5154.492
LUX,DBTS1GDP,2005,6219.057
LUX,DBTS1GDP,2006,6422.485
LUX,DBTS1GDP,2007,6654.596
LUX,DBTS1GDP,2008,6588.928
LUX,DBTS1GDP,2009,6256.181
LUX,DBTS1GDP,2010,5742.945
LUX,DBTS1GDP,2011,6340.916
LUX,DBTS1GDP,2012,7448.793
LUX,DBTS1GDP,2013,7553.192
LUX,DBTS1GDP,2014,8657.187
LUX,DBTS1GDP,2015,10665.51
LUX,DBTS1GDP,2016,10794.14
LUX,DBTS1GDP,2017,9863.108
LUX,DBTS11GDP,1999,128.1428
LUX,DBTS11GDP,2000,128.4544
LUX,DBTS11GDP,2001,173.2983
LUX,DBTS11GDP,2002,182.6633
LUX,DBTS11GDP,2003,237.8233
LUX,DBTS11GDP,2004,219.5277
LUX,DBTS11GDP,2005,205.1328
LUX,DBTS11GDP,2006,214.9408
LUX,DBTS11GDP,2007,327.639
LUX,DBTS11GDP,2008,321.9462
LUX,DBTS11GDP,2009,369.2789
LUX,DBTS11GDP,2010,345.658
LUX,DBTS11GDP,2011,349.4463
LUX,DBTS11GDP,2012,370.7392
LUX,DBTS11GDP,2013,379.5678
LUX,DBTS11GDP,2014,401.7496
LUX,DBTS11GDP,2015,412.4331
LUX,DBTS11GDP,2016,424.5439
LUX,DBTS11GDP,2017,407.9619
LUX,DBTS12GDP,1999,3900.045
LUX,DBTS12GDP,2000,3988.213
LUX,DBTS12GDP,2001,4410.366
LUX,DBTS12GDP,2002,4264.907
LUX,DBTS12GDP,2003,4601.163
LUX,DBTS12GDP,2004,4868.915
LUX,DBTS12GDP,2005,5947.716
LUX,DBTS12GDP,2006,6142.576
LUX,DBTS12GDP,2007,6257.097
LUX,DBTS12GDP,2008,6185.619
LUX,DBTS12GDP,2009,5803.36
LUX,DBTS12GDP,2010,5308.755
LUX,DBTS12GDP,2011,5903.57
LUX,DBTS12GDP,2012,6985.075
LUX,DBTS12GDP,2013,7080.591
LUX,DBTS12GDP,2014,8161.57
LUX,DBTS12GDP,2015,10158.08
LUX,DBTS12GDP,2016,10274.93
LUX,DBTS12GDP,2017,9356.244
LUX,DBTS13GDP,1999,18.22747
LUX,DBTS13GDP,2000,17.09558
LUX,DBTS13GDP,2001,17.2607
LUX,DBTS13GDP,2002,17.33995
LUX,DBTS13GDP,2003,18.52256
LUX,DBTS13GDP,2004,19.25899
LUX,DBTS13GDP,2005,17.68683
LUX,DBTS13GDP,2006,16.79293
LUX,DBTS13GDP,2007,16.54233
LUX,DBTS13GDP,2008,24.97517
LUX,DBTS13GDP,2009,23.07608
LUX,DBTS13GDP,2010,28.25642
LUX,DBTS13GDP,2011,27.36177
LUX,DBTS13GDP,2012,29.80518
LUX,DBTS13GDP,2013,30.31166
LUX,DBTS13GDP,2014,30.60889
LUX,DBTS13GDP,2015,30.71441
LUX,DBTS13GDP,2016,28.74364
LUX,DBTS13GDP,2017,30.51922
LUX,DBTS14_S15GDI,1999,89.56998
LUX,DBTS14_S15GDI,2000,82.13601
LUX,DBTS14_S15GDI,2001,82.93169
LUX,DBTS14_S15GDI,2002,83.22463
LUX,DBTS14_S15GDI,2003,91.98517
LUX,DBTS14_S15GDI,2004,97.36143
LUX,DBTS14_S15GDI,2005,106.1972
LUX,DBTS14_S15GDI,2006,115.1309
LUX,DBTS14_S15GDI,2007,132.8526
LUX,DBTS14_S15GDI,2008,136.3361
LUX,DBTS14_S15GDI,2009,138.4022
LUX,DBTS14_S15GDI,2010,144.3351
LUX,DBTS14_S15GDI,2011,150.8737
LUX,DBTS14_S15GDI,2012,154.1198
LUX,DBTS14_S15GDI,2013,154.9785
LUX,DBTS14_S15GDI,2014,158.1433
LUX,DBTS14_S15GDI,2015,164.4122
LUX,DBTS14_S15GDI,2016,171.6322
LUX,DBTS14_S15GDI,2017,170.7129
NLD,DBTS1GDP,1995,823.7332
NLD,DBTS1GDP,1996,845.3743
NLD,DBTS1GDP,1997,857.2614
NLD,DBTS1GDP,1998,884.2684
NLD,DBTS1GDP,1999,909.642
NLD,DBTS1GDP,2000,911.1284
NLD,DBTS1GDP,2001,914.5982
NLD,DBTS1GDP,2002,929.0482
NLD,DBTS1GDP,2003,971.0981
NLD,DBTS1GDP,2004,988.2003
NLD,DBTS1GDP,2005,1064.198
NLD,DBTS1GDP,2006,1062.068
NLD,DBTS1GDP,2007,1098.403
NLD,DBTS1GDP,2008,1109.849
NLD,DBTS1GDP,2009,1165.668
NLD,DBTS1GDP,2010,1195.582
NLD,DBTS1GDP,2011,1261.859
NLD,DBTS1GDP,2012,1289.174
NLD,DBTS1GDP,2013,1234.353
NLD,DBTS1GDP,2014,1284.613
NLD,DBTS1GDP,2015,1284.79
NLD,DBTS1GDP,2016,1302.887
NLD,DBTS1GDP,2017,1250.565
NLD,DBTS11GDP,1995,180.8741
NLD,DBTS11GDP,1996,176.955
NLD,DBTS11GDP,1997,168.2912
NLD,DBTS11GDP,1998,162.2645
NLD,DBTS11GDP,1999,169.7408
NLD,DBTS11GDP,2000,170.0772
NLD,DBTS11GDP,2001,164.8617
NLD,DBTS11GDP,2002,158.6638
NLD,DBTS11GDP,2003,165.2565
NLD,DBTS11GDP,2004,160.6882
NLD,DBTS11GDP,2005,165.2329
NLD,DBTS11GDP,2006,158.6004
NLD,DBTS11GDP,2007,153.2728
NLD,DBTS11GDP,2008,152.6572
NLD,DBTS11GDP,2009,158.7885
NLD,DBTS11GDP,2010,170.8872
NLD,DBTS11GDP,2011,181.4602
NLD,DBTS11GDP,2012,185.8063
NLD,DBTS11GDP,2013,187.0978
NLD,DBTS11GDP,2014,200.3307
NLD,DBTS11GDP,2015,199.7906
NLD,DBTS11GDP,2016,204.3193
NLD,DBTS11GDP,2017,197.1218
NLD,DBTS12GDP,1995,478.2705
NLD,DBTS12GDP,1996,500.1152
NLD,DBTS12GDP,1997,522.808
NLD,DBTS12GDP,1998,551.6712
NLD,DBTS12GDP,1999,571.9608
NLD,DBTS12GDP,2000,575.649
NLD,DBTS12GDP,2001,586.9843
NLD,DBTS12GDP,2002,602.274
NLD,DBTS12GDP,2003,628.2302
NLD,DBTS12GDP,2004,647.3925
NLD,DBTS12GDP,2005,714.5481
NLD,DBTS12GDP,2006,727.4926
NLD,DBTS12GDP,2007,771.2283
NLD,DBTS12GDP,2008,767.7074
NLD,DBTS12GDP,2009,803.9586
NLD,DBTS12GDP,2010,817.5606
NLD,DBTS12GDP,2011,870.8049
NLD,DBTS12GDP,2012,886.8119
NLD,DBTS12GDP,2013,832.6789
NLD,DBTS12GDP,2014,870.8298
NLD,DBTS12GDP,2015,876.4226
NLD,DBTS12GDP,2016,894.7394
NLD,DBTS12GDP,2017,859.7844
NLD,DBTS13GDP,1995,84.78396
NLD,DBTS13GDP,1996,83.49917
NLD,DBTS13GDP,1997,78.14229
NLD,DBTS13GDP,1998,75.97205
NLD,DBTS13GDP,1999,67.43973
NLD,DBTS13GDP,2000,61.13335
NLD,DBTS13GDP,2001,57.117
NLD,DBTS13GDP,2002,57.63334
NLD,DBTS13GDP,2003,58.83407
NLD,DBTS13GDP,2004,59.02952
NLD,DBTS13GDP,2005,58.30821
NLD,DBTS13GDP,2006,52.13345
NLD,DBTS13GDP,2007,49.34428
NLD,DBTS13GDP,2008,61.88647
NLD,DBTS13GDP,2009,64.51055
NLD,DBTS13GDP,2010,68.6228
NLD,DBTS13GDP,2011,72.87821
NLD,DBTS13GDP,2012,78.48969
NLD,DBTS13GDP,2013,78.00165
NLD,DBTS13GDP,2014,82.44386
NLD,DBTS13GDP,2015,78.61735
NLD,DBTS13GDP,2016,76.60478
NLD,DBTS13GDP,2017,69.8344
NLD,DBTS14_S15GDI,1995,136.2733
NLD,DBTS14_S15GDI,1996,145.4993
NLD,DBTS14_S15GDI,1997,152.6827
NLD,DBTS14_S15GDI,1998,164.0309
NLD,DBTS14_S15GDI,1999,176.4814
NLD,DBTS14_S15GDI,2000,185.7236
NLD,DBTS14_S15GDI,2001,181.9069
NLD,DBTS14_S15GDI,2002,190.9736
NLD,DBTS14_S15GDI,2003,207.3249
NLD,DBTS14_S15GDI,2004,215.481
NLD,DBTS14_S15GDI,2005,231.3674
NLD,DBTS14_S15GDI,2006,233.0729
NLD,DBTS14_S15GDI,2007,237.8396
NLD,DBTS14_S15GDI,2008,245.0128
NLD,DBTS14_S15GDI,2009,255.5696
NLD,DBTS14_S15GDI,2010,259.7145
NLD,DBTS14_S15GDI,2011,254.7704
NLD,DBTS14_S15GDI,2012,253.4182
NLD,DBTS14_S15GDI,2013,247.3376
NLD,DBTS14_S15GDI,2014,233.6201
NLD,DBTS14_S15GDI,2015,231.6907
NLD,DBTS14_S15GDI,2016,227.6368
NLD,DBTS14_S15GDI,2017,224.6429
POL,DBTS1GDP,1995,153.5379
POL,DBTS1GDP,1996,164.0761
POL,DBTS1GDP,1997,175.6884
POL,DBTS1GDP,1998,187.5171
POL,DBTS1GDP,1999,202.4072
POL,DBTS1GDP,2000,210.4793
POL,DBTS1GDP,2001,222.8879
POL,DBTS1GDP,2002,232.9886
POL,DBTS1GDP,2003,223.262
POL,DBTS1GDP,2004,214.2088
POL,DBTS1GDP,2005,224.3801
POL,DBTS1GDP,2006,238.1612
POL,DBTS1GDP,2007,247.9736
POL,DBTS1GDP,2008,271.5685
POL,DBTS1GDP,2009,278.1336
POL,DBTS1GDP,2010,293.2711
POL,DBTS1GDP,2011,299.1324
POL,DBTS1GDP,2012,304.0689
POL,DBTS1GDP,2013,313.5126
POL,DBTS1GDP,2014,317.4054
POL,DBTS1GDP,2015,318.1295
POL,DBTS1GDP,2016,334.8299
POL,DBTS1GDP,2017,318.9687
POL,DBTS11GDP,1995,49.55452
POL,DBTS11GDP,1996,55.82084
POL,DBTS11GDP,1997,62.90494
POL,DBTS11GDP,1998,69.14812
POL,DBTS11GDP,1999,76.64162
POL,DBTS11GDP,2000,85.52125
POL,DBTS11GDP,2001,89.36533
POL,DBTS11GDP,2002,90.902
POL,DBTS11GDP,2003,75.20634
POL,DBTS11GDP,2004,68.14403
POL,DBTS11GDP,2005,66.30845
POL,DBTS11GDP,2006,67.83265
POL,DBTS11GDP,2007,72.10798
POL,DBTS11GDP,2008,76.50873
POL,DBTS11GDP,2009,75.49621
POL,DBTS11GDP,2010,77.46105
POL,DBTS11GDP,2011,80.1293
POL,DBTS11GDP,2012,78.44639
POL,DBTS11GDP,2013,81.18046
POL,DBTS11GDP,2014,83.71378
POL,DBTS11GDP,2015,85.25959
POL,DBTS11GDP,2016,89.58198
POL,DBTS11GDP,2017,85.13316
POL,DBTS12GDP,1995,50.65959
POL,DBTS12GDP,1996,53.52683
POL,DBTS12GDP,1997,59.63061
POL,DBTS12GDP,1998,67.23508
POL,DBTS12GDP,1999,69.41049
POL,DBTS12GDP,2000,69.85677
POL,DBTS12GDP,2001,74.50077
POL,DBTS12GDP,2002,70.38297
POL,DBTS12GDP,2003,77.03557
POL,DBTS12GDP,2004,76.76532
POL,DBTS12GDP,2005,84.98043
POL,DBTS12GDP,2006,93.82226
POL,DBTS12GDP,2007,98.67329
POL,DBTS12GDP,2008,107.9836
POL,DBTS12GDP,2009,110.5497
POL,DBTS12GDP,2010,116.2749
POL,DBTS12GDP,2011,116.3969
POL,DBTS12GDP,2012,120.6225
POL,DBTS12GDP,2013,125.0642
POL,DBTS12GDP,2014,119.1803
POL,DBTS12GDP,2015,118.3817
POL,DBTS12GDP,2016,127.2935
POL,DBTS12GDP,2017,124.1384
POL,DBTS13GDP,1995,50.42526
POL,DBTS13GDP,1996,50.28565
POL,DBTS13GDP,1997,47.61467
POL,DBTS13GDP,1998,43.32465
POL,DBTS13GDP,1999,45.9872
POL,DBTS13GDP,2000,45.01677
POL,DBTS13GDP,2001,43.72948
POL,DBTS13GDP,2002,53.27235
POL,DBTS13GDP,2003,55.5066
POL,DBTS13GDP,2004,53.10462
POL,DBTS13GDP,2005,54.69081
POL,DBTS13GDP,2006,54.42045
POL,DBTS13GDP,2007,51.05974
POL,DBTS13GDP,2008,53.35328
POL,DBTS13GDP,2009,56.72748
POL,DBTS13GDP,2010,60.93159
POL,DBTS13GDP,2011,61.21319
POL,DBTS13GDP,2012,64.38731
POL,DBTS13GDP,2013,65.00315
POL,DBTS13GDP,2014,70.54301
POL,DBTS13GDP,2015,69.86637
POL,DBTS13GDP,2016,72.49989
POL,DBTS13GDP,2017,68.12449
POL,DBTS13GDP,2018,66.09498
POL,DBTS14_S15GDI,1995,3.235243
POL,DBTS14_S15GDI,1996,5.283172
POL,DBTS14_S15GDI,1997,6.877108
POL,DBTS14_S15GDI,1998,10.04434
POL,DBTS14_S15GDI,1999,10.39686
POL,DBTS14_S15GDI,2000,11.48001
POL,DBTS14_S15GDI,2001,17.26084
POL,DBTS14_S15GDI,2002,21.72334
POL,DBTS14_S15GDI,2003,19.18987
POL,DBTS14_S15GDI,2004,20.89763
POL,DBTS14_S15GDI,2005,24.25638
POL,DBTS14_S15GDI,2006,30.23871
POL,DBTS14_S15GDI,2007,38.1151
POL,DBTS14_S15GDI,2008,49.87336
POL,DBTS14_S15GDI,2009,51.25311
POL,DBTS14_S15GDI,2010,55.67625
POL,DBTS14_S15GDI,2011,58.8884
POL,DBTS14_S15GDI,2012,56.8928
POL,DBTS14_S15GDI,2013,58.48856
POL,DBTS14_S15GDI,2014,60.10167
POL,DBTS14_S15GDI,2015,62.0442
POL,DBTS14_S15GDI,2016,61.82088
POL,DBTS14_S15GDI,2017,60.29044
PRT,DBTS1GDP,1995,408.2141
PRT,DBTS1GDP,1996,428.2127
PRT,DBTS1GDP,1997,445.5368
PRT,DBTS1GDP,1998,468.3095
PRT,DBTS1GDP,1999,510.1084
PRT,DBTS1GDP,2000,535.4127
PRT,DBTS1GDP,2001,561.1367
PRT,DBTS1GDP,2002,572.1747
PRT,DBTS1GDP,2003,603.3232
PRT,DBTS1GDP,2004,620.6985
PRT,DBTS1GDP,2005,639.7419
PRT,DBTS1GDP,2006,656.6791
PRT,DBTS1GDP,2007,687.0976
PRT,DBTS1GDP,2008,732.869
PRT,DBTS1GDP,2009,793.0535
PRT,DBTS1GDP,2010,845.9814
PRT,DBTS1GDP,2011,874.3232
PRT,DBTS1GDP,2012,927.8698
PRT,DBTS1GDP,2013,891.3535
PRT,DBTS1GDP,2014,858.2784
PRT,DBTS1GDP,2015,820.6533
PRT,DBTS1GDP,2016,793.4128
PRT,DBTS1GDP,2017,776.2126
PRT,DBTS1GDP,2018,755.5032
PRT,DBTS11GDP,1995,120.5688
PRT,DBTS11GDP,1996,120.2564
PRT,DBTS11GDP,1997,119.5437
PRT,DBTS11GDP,1998,124.5883
PRT,DBTS11GDP,1999,132.287
PRT,DBTS11GDP,2000,138.7755
PRT,DBTS11GDP,2001,147.2493
PRT,DBTS11GDP,2002,153.9203
PRT,DBTS11GDP,2003,168.3802
PRT,DBTS11GDP,2004,177.479
PRT,DBTS11GDP,2005,175.1065
PRT,DBTS11GDP,2006,176.0394
PRT,DBTS11GDP,2007,185.4492
PRT,DBTS11GDP,2008,196.7369
PRT,DBTS11GDP,2009,202.9272
PRT,DBTS11GDP,2010,199.0493
PRT,DBTS11GDP,2011,204.4326
PRT,DBTS11GDP,2012,218.3578
PRT,DBTS11GDP,2013,211.6369
PRT,DBTS11GDP,2014,201.8372
PRT,DBTS11GDP,2015,188.6682
PRT,DBTS11GDP,2016,181.0581
PRT,DBTS11GDP,2017,175.2452
PRT,DBTS11GDP,2018,166.1267
PRT,DBTS12GDP,1995,184.7791
PRT,DBTS12GDP,1996,199.8261
PRT,DBTS12GDP,1997,217.5494
PRT,DBTS12GDP,1998,226.1713
PRT,DBTS12GDP,1999,251.0837
PRT,DBTS12GDP,2000,262.6001
PRT,DBTS12GDP,2001,268.6066
PRT,DBTS12GDP,2002,266.5931
PRT,DBTS12GDP,2003,278.0047
PRT,DBTS12GDP,2004,275.1213
PRT,DBTS12GDP,2005,287.8972
PRT,DBTS12GDP,2006,301.9475
PRT,DBTS12GDP,2007,321.1245
PRT,DBTS12GDP,2008,345.6082
PRT,DBTS12GDP,2009,383.4624
PRT,DBTS12GDP,2010,428.0706
PRT,DBTS12GDP,2011,443.4679
PRT,DBTS12GDP,2012,446.726
PRT,DBTS12GDP,2013,413.9582
PRT,DBTS12GDP,2014,376.8118
PRT,DBTS12GDP,2015,359.8657
PRT,DBTS12GDP,2016,349.1315
PRT,DBTS12GDP,2017,339.6198
PRT,DBTS12GDP,2018,333.9923
PRT,DBTS13GDP,1995,67.48737
PRT,DBTS13GDP,1996,68.03526
PRT,DBTS13GDP,1997,66.03267
PRT,DBTS13GDP,1998,65.31093
PRT,DBTS13GDP,1999,62.45652
PRT,DBTS13GDP,2000,62.01825
PRT,DBTS13GDP,2001,63.45905
PRT,DBTS13GDP,2002,66.81219
PRT,DBTS13GDP,2003,70.61915
PRT,DBTS13GDP,2004,76.65156
PRT,DBTS13GDP,2005,79.97653
PRT,DBTS13GDP,2006,79.40868
PRT,DBTS13GDP,2007,78.10067
PRT,DBTS13GDP,2008,82.76154
PRT,DBTS13GDP,2009,96.11205
PRT,DBTS13GDP,2010,104.0708
PRT,DBTS13GDP,2011,107.8454
PRT,DBTS13GDP,2012,137.1043
PRT,DBTS13GDP,2013,141.4286
PRT,DBTS13GDP,2014,151.4001
PRT,DBTS13GDP,2015,149.1519
PRT,DBTS13GDP,2016,145.3244
PRT,DBTS13GDP,2017,145.2955
PRT,DBTS13GDP,2018,140.6166
PRT,DBTS14_S15GDI,1995,47.7858
PRT,DBTS14_S15GDI,1996,54.32049
PRT,DBTS14_S15GDI,1997,58.15103
PRT,DBTS14_S15GDI,1998,71.32336
PRT,DBTS14_S15GDI,1999,87.46634
PRT,DBTS14_S15GDI,2000,99.03268
PRT,DBTS14_S15GDI,2001,109.6386
PRT,DBTS14_S15GDI,2002,113.6908
PRT,DBTS14_S15GDI,2003,114.3328
PRT,DBTS14_S15GDI,2004,117.2395
PRT,DBTS14_S15GDI,2005,125.624
PRT,DBTS14_S15GDI,2006,129.7255
PRT,DBTS14_S15GDI,2007,134.4788
PRT,DBTS14_S15GDI,2008,137.1602
PRT,DBTS14_S15GDI,2009,139.3402
PRT,DBTS14_S15GDI,2010,142.088
PRT,DBTS14_S15GDI,2011,142.1786
PRT,DBTS14_S15GDI,2012,143.1238
PRT,DBTS14_S15GDI,2013,139.0758
PRT,DBTS14_S15GDI,2014,138.3342
PRT,DBTS14_S15GDI,2015,131.0471
PRT,DBTS14_S15GDI,2016,125.6222
PRT,DBTS14_S15GDI,2017,122.9197
PRT,DBTS14_S15GDI,2018,120.5333
SVK,DBTS1GDP,1995,350.0762
SVK,DBTS1GDP,1996,343.4988
SVK,DBTS1GDP,1997,331.2408
SVK,DBTS1GDP,1998,325.1188
SVK,DBTS1GDP,1999,330.5094
SVK,DBTS1GDP,2000,315.8898
SVK,DBTS1GDP,2001,316.1301
SVK,DBTS1GDP,2002,300.1015
SVK,DBTS1GDP,2003,282.528
SVK,DBTS1GDP,2004,271.4052
SVK,DBTS1GDP,2005,284.9807
SVK,DBTS1GDP,2006,263.8201
SVK,DBTS1GDP,2007,279.3741
SVK,DBTS1GDP,2008,275.9316
SVK,DBTS1GDP,2009,288.2627
SVK,DBTS1GDP,2010,287.677
SVK,DBTS1GDP,2011,291.998
SVK,DBTS1GDP,2012,303.7038
SVK,DBTS1GDP,2013,314.8589
SVK,DBTS1GDP,2014,328.0349
SVK,DBTS1GDP,2015,336.4059
SVK,DBTS1GDP,2016,348.0244
SVK,DBTS1GDP,2017,371.6827
SVK,DBTS11GDP,1995,111.3514
SVK,DBTS11GDP,1996,109.5826
SVK,DBTS11GDP,1997,109.0032
SVK,DBTS11GDP,1998,110.191
SVK,DBTS11GDP,1999,103.539
SVK,DBTS11GDP,2000,90.01778
SVK,DBTS11GDP,2001,88.3054
SVK,DBTS11GDP,2002,90.96896
SVK,DBTS11GDP,2003,82.71876
SVK,DBTS11GDP,2004,78.29009
SVK,DBTS11GDP,2005,73.23063
SVK,DBTS11GDP,2006,75.27864
SVK,DBTS11GDP,2007,78.18411
SVK,DBTS11GDP,2008,70.73917
SVK,DBTS11GDP,2009,75.12555
SVK,DBTS11GDP,2010,74.27679
SVK,DBTS11GDP,2011,80.1767
SVK,DBTS11GDP,2012,80.51312
SVK,DBTS11GDP,2013,86.19907
SVK,DBTS11GDP,2014,90.09605
SVK,DBTS11GDP,2015,91.6785
SVK,DBTS11GDP,2016,91.14114
SVK,DBTS11GDP,2017,93.24146
SVK,DBTS12GDP,1995,194.028
SVK,DBTS12GDP,1996,189.0195
SVK,DBTS12GDP,1997,176.0077
SVK,DBTS12GDP,1998,165.124
SVK,DBTS12GDP,1999,164.49
SVK,DBTS12GDP,2000,154.8042
SVK,DBTS12GDP,2001,156.1375
SVK,DBTS12GDP,2002,143.3796
SVK,DBTS12GDP,2003,135.6843
SVK,DBTS12GDP,2004,129.9929
SVK,DBTS12GDP,2005,142.336
SVK,DBTS12GDP,2006,115.5974
SVK,DBTS12GDP,2007,127.9062
SVK,DBTS12GDP,2008,131.6937
SVK,DBTS12GDP,2009,134.2777
SVK,DBTS12GDP,2010,127.9667
SVK,DBTS12GDP,2011,122.6778
SVK,DBTS12GDP,2012,118.8584
SVK,DBTS12GDP,2013,117.0911
SVK,DBTS12GDP,2014,124.7345
SVK,DBTS12GDP,2015,126.8569
SVK,DBTS12GDP,2016,135.3916
SVK,DBTS12GDP,2017,155.1503
SVK,DBTS13GDP,1995,37.62357
SVK,DBTS13GDP,1996,36.98852
SVK,DBTS13GDP,1997,38.1712
SVK,DBTS13GDP,1998,40.36709
SVK,DBTS13GDP,1999,52.64595
SVK,DBTS13GDP,2000,57.8646
SVK,DBTS13GDP,2001,56.57265
SVK,DBTS13GDP,2002,49.35629
SVK,DBTS13GDP,2003,47.50673
SVK,DBTS13GDP,2004,45.11853
SVK,DBTS13GDP,2005,38.37193
SVK,DBTS13GDP,2006,36.21275
SVK,DBTS13GDP,2007,34.79276
SVK,DBTS13GDP,2008,33.79035
SVK,DBTS13GDP,2009,42.46273
SVK,DBTS13GDP,2010,47.38543
SVK,DBTS13GDP,2011,49.95049
SVK,DBTS13GDP,2012,58.30268
SVK,DBTS13GDP,2013,61.15774
SVK,DBTS13GDP,2014,60.43003
SVK,DBTS13GDP,2015,59.67639
SVK,DBTS13GDP,2016,59.76851
SVK,DBTS13GDP,2017,58.23939
SVK,DBTS14_S15GDI,1995,12.43318
SVK,DBTS14_S15GDI,1996,13.09297
SVK,DBTS14_S15GDI,1997,13.13463
SVK,DBTS14_S15GDI,1998,12.64688
SVK,DBTS14_S15GDI,1999,12.81037
SVK,DBTS14_S15GDI,2000,17.25012
SVK,DBTS14_S15GDI,2001,19.29746
SVK,DBTS14_S15GDI,2002,22.59997
SVK,DBTS14_S15GDI,2003,25.87545
SVK,DBTS14_S15GDI,2004,24.21919
SVK,DBTS14_S15GDI,2005,27.94297
SVK,DBTS14_S15GDI,2006,30.71168
SVK,DBTS14_S15GDI,2007,36.80526
SVK,DBTS14_S15GDI,2008,39.74994
SVK,DBTS14_S15GDI,2009,38.80146
SVK,DBTS14_S15GDI,2010,42.46665
SVK,DBTS14_S15GDI,2011,47.61506
SVK,DBTS14_S15GDI,2012,52.19613
SVK,DBTS14_S15GDI,2013,56.02351
SVK,DBTS14_S15GDI,2014,60.7538
SVK,DBTS14_S15GDI,2015,64.37524
SVK,DBTS14_S15GDI,2016,69.5481
SVK,DBTS14_S15GDI,2017,73.70293
ESP,DBTS1GDP,1995,383.2646
ESP,DBTS1GDP,1996,390.8146
ESP,DBTS1GDP,1997,397.231
ESP,DBTS1GDP,1998,410.594
ESP,DBTS1GDP,1999,432.3639
ESP,DBTS1GDP,2000,449.2487
ESP,DBTS1GDP,2001,456.1181
ESP,DBTS1GDP,2002,464.5063
ESP,DBTS1GDP,2003,482.3415
ESP,DBTS1GDP,2004,510.1856
ESP,DBTS1GDP,2005,568.2111
ESP,DBTS1GDP,2006,619.1292
ESP,DBTS1GDP,2007,663.1643
ESP,DBTS1GDP,2008,688.768
ESP,DBTS1GDP,2009,726.3362
ESP,DBTS1GDP,2010,733.4072
ESP,DBTS1GDP,2011,760.1354
ESP,DBTS1GDP,2012,804.1023
ESP,DBTS1GDP,2013,757.434
ESP,DBTS1GDP,2014,742.9576
ESP,DBTS1GDP,2015,701.3033
ESP,DBTS1GDP,2016,681.7212
ESP,DBTS1GDP,2017,668.444
ESP,DBTS1GDP,2018,649.8367
ESP,DBTS11GDP,1995,91.10392
ESP,DBTS11GDP,1996,90.72751
ESP,DBTS11GDP,1997,95.0468
ESP,DBTS11GDP,1998,101.2902
ESP,DBTS11GDP,1999,114.4093
ESP,DBTS11GDP,2000,128.045
ESP,DBTS11GDP,2001,135.4842
ESP,DBTS11GDP,2002,136.5921
ESP,DBTS11GDP,2003,140.2557
ESP,DBTS11GDP,2004,147.0392
ESP,DBTS11GDP,2005,160.241
ESP,DBTS11GDP,2006,179.8249
ESP,DBTS11GDP,2007,187.8956
ESP,DBTS11GDP,2008,182.3026
ESP,DBTS11GDP,2009,178.2353
ESP,DBTS11GDP,2010,180.2798
ESP,DBTS11GDP,2011,175.4899
ESP,DBTS11GDP,2012,166.7053
ESP,DBTS11GDP,2013,158.9184
ESP,DBTS11GDP,2014,152.8531
ESP,DBTS11GDP,2015,144.3645
ESP,DBTS11GDP,2016,138.5057
ESP,DBTS11GDP,2017,132.7389
ESP,DBTS11GDP,2018,129.4027
ESP,DBTS12GDP,1995,181.3372
ESP,DBTS12GDP,1996,181.6397
ESP,DBTS12GDP,1997,182.0031
ESP,DBTS12GDP,1998,184.5878
ESP,DBTS12GDP,1999,194.8302
ESP,DBTS12GDP,2000,198.0051
ESP,DBTS12GDP,2001,201.1418
ESP,DBTS12GDP,2002,205.616
ESP,DBTS12GDP,2003,219.2857
ESP,DBTS12GDP,2004,235.3538
ESP,DBTS12GDP,2005,275.4216
ESP,DBTS12GDP,2006,304.3716
ESP,DBTS12GDP,2007,341.2665
ESP,DBTS12GDP,2008,366.796
ESP,DBTS12GDP,2009,390.7273
ESP,DBTS12GDP,2010,388.9856
ESP,DBTS12GDP,2011,408.7101
ESP,DBTS12GDP,2012,437.5915
ESP,DBTS12GDP,2013,384.1826
ESP,DBTS12GDP,2014,366.0956
ESP,DBTS12GDP,2015,344.7639
ESP,DBTS12GDP,2016,335.303
ESP,DBTS12GDP,2017,331.8111
ESP,DBTS12GDP,2018,318.6377
ESP,DBTS13GDP,1995,67.52863
ESP,DBTS13GDP,1996,73.85633
ESP,DBTS13GDP,1997,73.04521
ESP,DBTS13GDP,1998,73.46825
ESP,DBTS13GDP,1999,67.94803
ESP,DBTS13GDP,2000,65.16534
ESP,DBTS13GDP,2001,60.56855
ESP,DBTS13GDP,2002,59.25278
ESP,DBTS13GDP,2003,54.41895
ESP,DBTS13GDP,2004,52.51329
ESP,DBTS13GDP,2005,49.98066
ESP,DBTS13GDP,2006,45.68213
ESP,DBTS13GDP,2007,41.80709
ESP,DBTS13GDP,2008,47.20715
ESP,DBTS13GDP,2009,61.80851
ESP,DBTS13GDP,2010,66.5645
ESP,DBTS13GDP,2011,77.68712
ESP,DBTS13GDP,2012,92.52627
ESP,DBTS13GDP,2013,105.7336
ESP,DBTS13GDP,2014,118.4061
ESP,DBTS13GDP,2015,116.3119
ESP,DBTS13GDP,2016,116.5011
ESP,DBTS13GDP,2017,114.6148
ESP,DBTS13GDP,2018,113.4654
ESP,DBTS14_S15GDI,1999,76.49695
ESP,DBTS14_S15GDI,2000,80.60398
ESP,DBTS14_S15GDI,2001,83.16859
ESP,DBTS14_S15GDI,2002,89.59278
ESP,DBTS14_S15GDI,2003,97.04771
ESP,DBTS14_S15GDI,2004,107.3881
ESP,DBTS14_S15GDI,2005,120.6211
ESP,DBTS14_S15GDI,2006,135.206
ESP,DBTS14_S15GDI,2007,144.2893
ESP,DBTS14_S15GDI,2008,140.3751
ESP,DBTS14_S15GDI,2009,135.9914
ESP,DBTS14_S15GDI,2010,138.6378
ESP,DBTS14_S15GDI,2011,133.6657
ESP,DBTS14_S15GDI,2012,132.5377
ESP,DBTS14_S15GDI,2013,126.7669
ESP,DBTS14_S15GDI,2014,120.3531
ESP,DBTS14_S15GDI,2015,114.4364
ESP,DBTS14_S15GDI,2016,110.9466
ESP,DBTS14_S15GDI,2017,108.9063
SWE,DBTS1GDP,1995,472.5263
SWE,DBTS1GDP,1996,478.8045
SWE,DBTS1GDP,1997,508.1953
SWE,DBTS1GDP,1998,528.5906
SWE,DBTS1GDP,1999,526.4038
SWE,DBTS1GDP,2000,544.8896
SWE,DBTS1GDP,2001,542.4688
SWE,DBTS1GDP,2002,537.8069
SWE,DBTS1GDP,2003,522.1785
SWE,DBTS1GDP,2004,534.964
SWE,DBTS1GDP,2005,581.0529
SWE,DBTS1GDP,2006,582.7288
SWE,DBTS1GDP,2007,610.0651
SWE,DBTS1GDP,2008,685.5581
SWE,DBTS1GDP,2009,716.8966
SWE,DBTS1GDP,2010,677.0164
SWE,DBTS1GDP,2011,684.4741
SWE,DBTS1GDP,2012,694.7005
SWE,DBTS1GDP,2013,717.6066
SWE,DBTS1GDP,2014,742.6882
SWE,DBTS1GDP,2015,722.0947
SWE,DBTS1GDP,2016,738.2029
SWE,DBTS1GDP,2017,746.8526
SWE,DBTS1GDP,2018,733.2971
SWE,DBTS11GDP,1995,136.1723
SWE,DBTS11GDP,1996,137.1565
SWE,DBTS11GDP,1997,148.9724
SWE,DBTS11GDP,1998,155.6836
SWE,DBTS11GDP,1999,160.7076
SWE,DBTS11GDP,2000,170.4703
SWE,DBTS11GDP,2001,174.6297
SWE,DBTS11GDP,2002,163.6119
SWE,DBTS11GDP,2003,146.2897
SWE,DBTS11GDP,2004,139.6286
SWE,DBTS11GDP,2005,147.3346
SWE,DBTS11GDP,2006,148.1398
SWE,DBTS11GDP,2007,162.8589
SWE,DBTS11GDP,2008,185.6784
SWE,DBTS11GDP,2009,194.1083
SWE,DBTS11GDP,2010,180.6828
SWE,DBTS11GDP,2011,184.233
SWE,DBTS11GDP,2012,184.1818
SWE,DBTS11GDP,2013,185.6364
SWE,DBTS11GDP,2014,186.0253
SWE,DBTS11GDP,2015,184.7173
SWE,DBTS11GDP,2016,180.3884
SWE,DBTS11GDP,2017,183.2246
SWE,DBTS11GDP,2018,187.9598
SWE,DBTS12GDP,1995,201.6184
SWE,DBTS12GDP,1996,202.2261
SWE,DBTS12GDP,1997,216.9693
SWE,DBTS12GDP,1998,229.814
SWE,DBTS12GDP,1999,231.6651
SWE,DBTS12GDP,2000,247.0063
SWE,DBTS12GDP,2001,242.8898
SWE,DBTS12GDP,2002,247.1428
SWE,DBTS12GDP,2003,248.2745
SWE,DBTS12GDP,2004,265.0241
SWE,DBTS12GDP,2005,298.4675
SWE,DBTS12GDP,2006,302.9695
SWE,DBTS12GDP,2007,319.4147
SWE,DBTS12GDP,2008,371.1772
SWE,DBTS12GDP,2009,381.6411
SWE,DBTS12GDP,2010,357.8071
SWE,DBTS12GDP,2011,359.8999
SWE,DBTS12GDP,2012,366.6483
SWE,DBTS12GDP,2013,383.9748
SWE,DBTS12GDP,2014,401.971
SWE,DBTS12GDP,2015,384.4041
SWE,DBTS12GDP,2016,403.9627
SWE,DBTS12GDP,2017,409.5445
SWE,DBTS12GDP,2018,392.2638
SWE,DBTS13GDP,1995,76.52122
SWE,DBTS13GDP,1996,79.07555
SWE,DBTS13GDP,1997,82.18927
SWE,DBTS13GDP,1998,82.77462
SWE,DBTS13GDP,1999,73.13629
SWE,DBTS13GDP,2000,63.03971
SWE,DBTS13GDP,2001,64.61673
SWE,DBTS13GDP,2002,64.74509
SWE,DBTS13GDP,2003,63.75093
SWE,DBTS13GDP,2004,63.25794
SWE,DBTS13GDP,2005,64.14876
SWE,DBTS13GDP,2006,58.04365
SWE,DBTS13GDP,2007,52.54195
SWE,DBTS13GDP,2008,51.36904
SWE,DBTS13GDP,2009,55.21519
SWE,DBTS13GDP,2010,52.5898
SWE,DBTS13GDP,2011,53.28085
SWE,DBTS13GDP,2012,54.39933
SWE,DBTS13GDP,2013,57.15312
SWE,DBTS13GDP,2014,63.4042
SWE,DBTS13GDP,2015,61.56124
SWE,DBTS13GDP,2016,60.32274
SWE,DBTS13GDP,2017,58.54704
SWE,DBTS13GDP,2018,57.2201
SWE,DBTS14_S15GDI,1995,89.20499
SWE,DBTS14_S15GDI,1996,91.18107
SWE,DBTS14_S15GDI,1997,95.52718
SWE,DBTS14_S15GDI,1998,99.05677
SWE,DBTS14_S15GDI,1999,101.9699
SWE,DBTS14_S15GDI,2000,104.6145
SWE,DBTS14_S15GDI,2001,115.7542
SWE,DBTS14_S15GDI,2002,118.3949
SWE,DBTS14_S15GDI,2003,124.6127
SWE,DBTS14_S15GDI,2004,133.3784
SWE,DBTS14_S15GDI,2005,142.1896
SWE,DBTS14_S15GDI,2006,148.5267
SWE,DBTS14_S15GDI,2007,152.2179
SWE,DBTS14_S15GDI,2008,152.3285
SWE,DBTS14_S15GDI,2009,157.4655
SWE,DBTS14_S15GDI,2010,162.9398
SWE,DBTS14_S15GDI,2011,162.2871
SWE,DBTS14_S15GDI,2012,161.3479
SWE,DBTS14_S15GDI,2013,162.9805
SWE,DBTS14_S15GDI,2014,165.1972
SWE,DBTS14_S15GDI,2015,170.8219
SWE,DBTS14_S15GDI,2016,175.4883
SWE,DBTS14_S15GDI,2017,180.5015
SWE,DBTS14_S15GDI,2018,180.7632
GBR,DBTS1GDP,1995,625.35
GBR,DBTS1GDP,1996,630.2493
GBR,DBTS1GDP,1997,678.292
GBR,DBTS1GDP,1998,723.801
GBR,DBTS1GDP,1999,704.876
GBR,DBTS1GDP,2000,768.4524
GBR,DBTS1GDP,2001,796.59
GBR,DBTS1GDP,2002,825.301
GBR,DBTS1GDP,2003,852.6349
GBR,DBTS1GDP,2004,905.3089
GBR,DBTS1GDP,2005,972.6265
GBR,DBTS1GDP,2006,1007.723
GBR,DBTS1GDP,2007,1061.693
GBR,DBTS1GDP,2008,1141.602
GBR,DBTS1GDP,2009,1160.618
GBR,DBTS1GDP,2010,1142.922
GBR,DBTS1GDP,2011,1172.889
GBR,DBTS1GDP,2012,1154.769
GBR,DBTS1GDP,2013,1075.541
GBR,DBTS1GDP,2014,1071.55
GBR,DBTS1GDP,2015,1028.448
GBR,DBTS1GDP,2016,1092.54
GBR,DBTS1GDP,2017,1090.861
GBR,DBTS1GDP,2018,1078.736
GBR,DBTS11GDP,1995,95.3774
GBR,DBTS11GDP,1996,93.52447
GBR,DBTS11GDP,1997,97.1184
GBR,DBTS11GDP,1998,114.0765
GBR,DBTS11GDP,1999,105.1604
GBR,DBTS11GDP,2000,120.8068
GBR,DBTS11GDP,2001,127.9177
GBR,DBTS11GDP,2002,142.1834
GBR,DBTS11GDP,2003,131.3514
GBR,DBTS11GDP,2004,130.2372
GBR,DBTS11GDP,2005,134.6783
GBR,DBTS11GDP,2006,129.6421
GBR,DBTS11GDP,2007,132.3317
GBR,DBTS11GDP,2008,145.2781
GBR,DBTS11GDP,2009,136.499
GBR,DBTS11GDP,2010,131.4121
GBR,DBTS11GDP,2011,142.5012
GBR,DBTS11GDP,2012,138.4019
GBR,DBTS11GDP,2013,124.884
GBR,DBTS11GDP,2014,134.2466
GBR,DBTS11GDP,2015,128.0317
GBR,DBTS11GDP,2016,135.3359
GBR,DBTS11GDP,2017,132.1099
GBR,DBTS11GDP,2018,129.8507
GBR,DBTS12GDP,1995,410.7692
GBR,DBTS12GDP,1996,420.1184
GBR,DBTS12GDP,1997,464.3075
GBR,DBTS12GDP,1998,489.5392
GBR,DBTS12GDP,1999,483.1453
GBR,DBTS12GDP,2000,527.8385
GBR,DBTS12GDP,2001,546.4609
GBR,DBTS12GDP,2002,551.7643
GBR,DBTS12GDP,2003,585.5259
GBR,DBTS12GDP,2004,630.2752
GBR,DBTS12GDP,2005,690.9103
GBR,DBTS12GDP,2006,726.7655
GBR,DBTS12GDP,2007,773.7148
GBR,DBTS12GDP,2008,827.8404
GBR,DBTS12GDP,2009,840.6687
GBR,DBTS12GDP,2010,820.262
GBR,DBTS12GDP,2011,827.7336
GBR,DBTS12GDP,2012,811.5702
GBR,DBTS12GDP,2013,753.1518
GBR,DBTS12GDP,2014,730.8911
GBR,DBTS12GDP,2015,693.6096
GBR,DBTS12GDP,2016,739.6301
GBR,DBTS12GDP,2017,744.2665
GBR,DBTS12GDP,2018,736.7362
GBR,DBTS13GDP,1995,48.79249
GBR,DBTS13GDP,1996,48.12017
GBR,DBTS13GDP,1997,47.18569
GBR,DBTS13GDP,1998,48.51126
GBR,DBTS13GDP,1999,43.32925
GBR,DBTS13GDP,2000,44.90339
GBR,DBTS13GDP,2001,42.47589
GBR,DBTS13GDP,2002,45.4344
GBR,DBTS13GDP,2003,45.00502
GBR,DBTS13GDP,2004,48.46213
GBR,DBTS13GDP,2005,48.75006
GBR,DBTS13GDP,2006,47.83198
GBR,DBTS13GDP,2007,49.66492
GBR,DBTS13GDP,2008,62.26696
GBR,DBTS13GDP,2009,75.45988
GBR,DBTS13GDP,2010,86.56003
GBR,DBTS13GDP,2011,100.3075
GBR,DBTS13GDP,2012,104.1123
GBR,DBTS13GDP,2013,99.9242
GBR,DBTS13GDP,2014,109.9197
GBR,DBTS13GDP,2015,109.4453
GBR,DBTS13GDP,2016,119.3808
GBR,DBTS13GDP,2017,116.3013
GBR,DBTS13GDP,2018,112.9182
GBR,DBTS14_S15GDI,1995,94.62936
GBR,DBTS14_S15GDI,1996,92.62963
GBR,DBTS14_S15GDI,1997,93.77542
GBR,DBTS14_S15GDI,1998,97.49007
GBR,DBTS14_S15GDI,1999,99.825
GBR,DBTS14_S15GDI,2000,101.0327
GBR,DBTS14_S15GDI,2001,107.5498
GBR,DBTS14_S15GDI,2002,118.0279
GBR,DBTS14_S15GDI,2003,128.9937
GBR,DBTS14_S15GDI,2004,138.0636
GBR,DBTS14_S15GDI,2005,142.766
GBR,DBTS14_S15GDI,2006,151.8303
GBR,DBTS14_S15GDI,2007,156.0271
GBR,DBTS14_S15GDI,2008,154.253
GBR,DBTS14_S15GDI,2009,148.7273
GBR,DBTS14_S15GDI,2010,146.9232
GBR,DBTS14_S15GDI,2011,146.0127
GBR,DBTS14_S15GDI,2012,140.1528
GBR,DBTS14_S15GDI,2013,135.9186
GBR,DBTS14_S15GDI,2014,136.5793
GBR,DBTS14_S15GDI,2015,133.7777
GBR,DBTS14_S15GDI,2016,138.1384
GBR,DBTS14_S15GDI,2017,140.6491
EST,DBTS1GDP,1995,129.4746
EST,DBTS1GDP,1996,146.2698
EST,DBTS1GDP,1997,188.1966
EST,DBTS1GDP,1998,199.1575
EST,DBTS1GDP,1999,211.9507
EST,DBTS1GDP,2000,220.7487
EST,DBTS1GDP,2001,229.5292
EST,DBTS1GDP,2002,250.9635
EST,DBTS1GDP,2003,254.685
EST,DBTS1GDP,2004,285.0132
EST,DBTS1GDP,2005,315.8592
EST,DBTS1GDP,2006,358.4304
EST,DBTS1GDP,2007,367.0518
EST,DBTS1GDP,2008,381.4014
EST,DBTS1GDP,2009,422.7271
EST,DBTS1GDP,2010,378.4499
EST,DBTS1GDP,2011,340.2546
EST,DBTS1GDP,2012,344.3745
EST,DBTS1GDP,2013,341.0488
EST,DBTS1GDP,2014,358.3347
EST,DBTS1GDP,2015,370.9315
EST,DBTS1GDP,2016,380.9083
EST,DBTS1GDP,2017,370.8676
EST,DBTS11GDP,1995,62.38972
EST,DBTS11GDP,1996,73.04721
EST,DBTS11GDP,1997,85.92434
EST,DBTS11GDP,1998,100.8849
EST,DBTS11GDP,1999,104.6256
EST,DBTS11GDP,2000,106.4907
EST,DBTS11GDP,2001,112.4468
EST,DBTS11GDP,2002,121.011
EST,DBTS11GDP,2003,111.67
EST,DBTS11GDP,2004,120.8366
EST,DBTS11GDP,2005,127.6516
EST,DBTS11GDP,2006,152.7544
EST,DBTS11GDP,2007,148.2987
EST,DBTS11GDP,2008,151.2835
EST,DBTS11GDP,2009,165.4137
EST,DBTS11GDP,2010,151.7144
EST,DBTS11GDP,2011,144.2592
EST,DBTS11GDP,2012,134.7625
EST,DBTS11GDP,2013,131.9609
EST,DBTS11GDP,2014,140.8994
EST,DBTS11GDP,2015,140.9737
EST,DBTS11GDP,2016,149.0851
EST,DBTS11GDP,2017,140.2754
EST,DBTS12GDP,1995,48.80797
EST,DBTS12GDP,1996,55.49034
EST,DBTS12GDP,1997,82.37799
EST,DBTS12GDP,1998,80.26983
EST,DBTS12GDP,1999,87.42257
EST,DBTS12GDP,2000,96.29104
EST,DBTS12GDP,2001,97.22395
EST,DBTS12GDP,2002,105.4138
EST,DBTS12GDP,2003,113.2351
EST,DBTS12GDP,2004,128.4955
EST,DBTS12GDP,2005,144.4448
EST,DBTS12GDP,2006,151.9535
EST,DBTS12GDP,2007,160.6061
EST,DBTS12GDP,2008,166.4167
EST,DBTS12GDP,2009,181.8121
EST,DBTS12GDP,2010,155.7853
EST,DBTS12GDP,2011,136.5191
EST,DBTS12GDP,2012,138.4374
EST,DBTS12GDP,2013,139.1829
EST,DBTS12GDP,2014,149.867
EST,DBTS12GDP,2015,163.9782
EST,DBTS12GDP,2016,166.5032
EST,DBTS12GDP,2017,166.5578
EST,DBTS13GDP,1995,13.27954
EST,DBTS13GDP,1996,12.21884
EST,DBTS13GDP,1997,11.25086
EST,DBTS13GDP,1998,10.03521
EST,DBTS13GDP,1999,10.80558
EST,DBTS13GDP,2000,6.798178
EST,DBTS13GDP,2001,6.663927
EST,DBTS13GDP,2002,7.585697
EST,DBTS13GDP,2003,8.390291
EST,DBTS13GDP,2004,8.626181
EST,DBTS13GDP,2005,8.159082
EST,DBTS13GDP,2006,8.005647
EST,DBTS13GDP,2007,7.247145
EST,DBTS13GDP,2008,8.406958
EST,DBTS13GDP,2009,12.74365
EST,DBTS13GDP,2010,11.93488
EST,DBTS13GDP,2011,9.538247
EST,DBTS13GDP,2012,13.15369
EST,DBTS13GDP,2013,13.62277
EST,DBTS13GDP,2014,13.85112
EST,DBTS13GDP,2015,12.75324
EST,DBTS13GDP,2016,12.73184
EST,DBTS13GDP,2017,12.55383
EST,DBTS14_S15GDI,1995,6.975755
EST,DBTS14_S15GDI,1996,7.86722
EST,DBTS14_S15GDI,1997,13.12466
EST,DBTS14_S15GDI,1998,12.13117
EST,DBTS14_S15GDI,1999,14.16379
EST,DBTS14_S15GDI,2000,18.37123
EST,DBTS14_S15GDI,2001,22.49938
EST,DBTS14_S15GDI,2002,30.43632
EST,DBTS14_S15GDI,2003,38.95896
EST,DBTS14_S15GDI,2004,49.84405
EST,DBTS14_S15GDI,2005,65.91138
EST,DBTS14_S15GDI,2006,87.27988
EST,DBTS14_S15GDI,2007,97.55962
EST,DBTS14_S15GDI,2008,94.8611
EST,DBTS14_S15GDI,2009,101.5961
EST,DBTS14_S15GDI,2010,99.85754
EST,DBTS14_S15GDI,2011,87.64623
EST,DBTS14_S15GDI,2012,80.85985
EST,DBTS14_S15GDI,2013,77.52933
EST,DBTS14_S15GDI,2014,76.20103
EST,DBTS14_S15GDI,2015,76.28042
EST,DBTS14_S15GDI,2016,77.36091
EST,DBTS14_S15GDI,2017,76.85809
SVN,DBTS1GDP,1995,215.7931
SVN,DBTS1GDP,1996,210.041
SVN,DBTS1GDP,1997,214.0053
SVN,DBTS1GDP,1998,217.606
SVN,DBTS1GDP,1999,227.7059
SVN,DBTS1GDP,2000,240.6574
SVN,DBTS1GDP,2001,257.6469
SVN,DBTS1GDP,2002,271.1992
SVN,DBTS1GDP,2003,276.7312
SVN,DBTS1GDP,2004,280.3413
SVN,DBTS1GDP,2005,311.6168
SVN,DBTS1GDP,2006,320.2275
SVN,DBTS1GDP,2007,355.1687
SVN,DBTS1GDP,2008,370.9502
SVN,DBTS1GDP,2009,421.8745
SVN,DBTS1GDP,2010,413.5198
SVN,DBTS1GDP,2011,412.868
SVN,DBTS1GDP,2012,426.0412
SVN,DBTS1GDP,2013,413.5108
SVN,DBTS1GDP,2014,412.7192
SVN,DBTS1GDP,2015,390.9803
SVN,DBTS1GDP,2016,366.5837
SVN,DBTS1GDP,2017,350.7423
SVN,DBTS11GDP,1995,87.34369
SVN,DBTS11GDP,1996,78.39651
SVN,DBTS11GDP,1997,77.75962
SVN,DBTS11GDP,1998,78.96409
SVN,DBTS11GDP,1999,83.85646
SVN,DBTS11GDP,2000,88.63096
SVN,DBTS11GDP,2001,91.29055
SVN,DBTS11GDP,2002,92.65324
SVN,DBTS11GDP,2003,95.26442
SVN,DBTS11GDP,2004,95.61771
SVN,DBTS11GDP,2005,108.1994
SVN,DBTS11GDP,2006,113.2453
SVN,DBTS11GDP,2007,129.9477
SVN,DBTS11GDP,2008,138.2618
SVN,DBTS11GDP,2009,144.6848
SVN,DBTS11GDP,2010,140.5119
SVN,DBTS11GDP,2011,136.8891
SVN,DBTS11GDP,2012,137.9556
SVN,DBTS11GDP,2013,131.5344
SVN,DBTS11GDP,2014,118.2663
SVN,DBTS11GDP,2015,105.4001
SVN,DBTS11GDP,2016,98.65149
SVN,DBTS11GDP,2017,94.00307
SVN,DBTS12GDP,1995,64.60011
SVN,DBTS12GDP,1996,69.15643
SVN,DBTS12GDP,1997,76.32043
SVN,DBTS12GDP,1998,79.05537
SVN,DBTS12GDP,1999,80.93381
SVN,DBTS12GDP,2000,87.54112
SVN,DBTS12GDP,2001,102.5689
SVN,DBTS12GDP,2002,114.4418
SVN,DBTS12GDP,2003,117.8806
SVN,DBTS12GDP,2004,121.1591
SVN,DBTS12GDP,2005,137.6657
SVN,DBTS12GDP,2006,142.1818
SVN,DBTS12GDP,2007,161.2171
SVN,DBTS12GDP,2008,168.3188
SVN,DBTS12GDP,2009,190.0476
SVN,DBTS12GDP,2010,182.6857
SVN,DBTS12GDP,2011,179.8581
SVN,DBTS12GDP,2012,182.9245
SVN,DBTS12GDP,2013,159.8545
SVN,DBTS12GDP,2014,148.011
SVN,DBTS12GDP,2015,136.1669
SVN,DBTS12GDP,2016,134.9201
SVN,DBTS12GDP,2017,132.8569
SVN,DBTS13GDP,1995,36.7908
SVN,DBTS13GDP,1996,37.85881
SVN,DBTS13GDP,1997,36.33411
SVN,DBTS13GDP,1998,35.2864
SVN,DBTS13GDP,1999,35.35661
SVN,DBTS13GDP,2000,37.07549
SVN,DBTS13GDP,2001,37.12624
SVN,DBTS13GDP,2002,37.77333
SVN,DBTS13GDP,2003,36.7001
SVN,DBTS13GDP,2004,37.06541
SVN,DBTS13GDP,2005,35.23845
SVN,DBTS13GDP,2006,34.97343
SVN,DBTS13GDP,2007,30.06322
SVN,DBTS13GDP,2008,29.68813
SVN,DBTS13GDP,2009,43.7342
SVN,DBTS13GDP,2010,47.83955
SVN,DBTS13GDP,2011,51.41437
SVN,DBTS13GDP,2012,61.6946
SVN,DBTS13GDP,2013,78.8428
SVN,DBTS13GDP,2014,99.3078
SVN,DBTS13GDP,2015,102.2918
SVN,DBTS13GDP,2016,97.3283
SVN,DBTS13GDP,2017,88.81699
SVN,DBTS14_S15GDI,1995,22.84165
SVN,DBTS14_S15GDI,1996,23.16086
SVN,DBTS14_S15GDI,1997,23.4595
SVN,DBTS14_S15GDI,1998,25.45755
SVN,DBTS14_S15GDI,1999,30.8902
SVN,DBTS14_S15GDI,2000,31.06386
SVN,DBTS14_S15GDI,2001,30.97789
SVN,DBTS14_S15GDI,2002,31.45208
SVN,DBTS14_S15GDI,2003,33.16405
SVN,DBTS14_S15GDI,2004,33.63799
SVN,DBTS14_S15GDI,2005,37.59754
SVN,DBTS14_S15GDI,2006,41.89214
SVN,DBTS14_S15GDI,2007,48.76955
SVN,DBTS14_S15GDI,2008,50.16033
SVN,DBTS14_S15GDI,2009,52.34403
SVN,DBTS14_S15GDI,2010,54.94261
SVN,DBTS14_S15GDI,2011,53.86743
SVN,DBTS14_S15GDI,2012,55.4227
SVN,DBTS14_S15GDI,2013,53.76919
SVN,DBTS14_S15GDI,2014,52.79934
SVN,DBTS14_S15GDI,2015,52.03059
SVN,DBTS14_S15GDI,2016,51.69382
SVN,DBTS14_S15GDI,2017,52.03379
LVA,DBTS13GDP,1995,15.20152
LVA,DBTS13GDP,1996,15.00601
LVA,DBTS13GDP,1997,13.70009
LVA,DBTS13GDP,1998,11.14254
LVA,DBTS13GDP,1999,14.63617
LVA,DBTS13GDP,2000,14.49574
LVA,DBTS13GDP,2001,15.87107
LVA,DBTS13GDP,2002,15.8508
LVA,DBTS13GDP,2003,16.84349
LVA,DBTS13GDP,2004,17.67247
LVA,DBTS13GDP,2005,14.63095
LVA,DBTS13GDP,2006,14.56771
LVA,DBTS13GDP,2007,12.81033
LVA,DBTS13GDP,2008,22.89762
LVA,DBTS13GDP,2009,41.61569
LVA,DBTS13GDP,2010,53.1556
LVA,DBTS13GDP,2011,47.50909
LVA,DBTS13GDP,2012,45.71587
LVA,DBTS13GDP,2013,43.43017
LVA,DBTS13GDP,2014,45.83761
LVA,DBTS13GDP,2015,41.0562
LVA,DBTS13GDP,2016,49.09
LVA,DBTS13GDP,2017,47.34944
LVA,DBTS14_S15GDI,1995,3.272775
LVA,DBTS14_S15GDI,1996,3.375998
LVA,DBTS14_S15GDI,1997,4.09861
LVA,DBTS14_S15GDI,1998,5.881844
LVA,DBTS14_S15GDI,1999,7.06675
LVA,DBTS14_S15GDI,2000,11.0766
LVA,DBTS14_S15GDI,2001,12.50661
LVA,DBTS14_S15GDI,2002,16.7353
LVA,DBTS14_S15GDI,2003,21.89487
LVA,DBTS14_S15GDI,2004,33.88828
LVA,DBTS14_S15GDI,2005,50.47891
LVA,DBTS14_S15GDI,2006,67.89396
LVA,DBTS14_S15GDI,2007,77.83738
LVA,DBTS14_S15GDI,2008,70.66492
LVA,DBTS14_S15GDI,2009,79.0008
LVA,DBTS14_S15GDI,2010,80.0855
LVA,DBTS14_S15GDI,2011,76.58379
LVA,DBTS14_S15GDI,2012,64.09293
LVA,DBTS14_S15GDI,2013,57.54007
LVA,DBTS14_S15GDI,2014,50.69352
LVA,DBTS14_S15GDI,2015,46.16058
LVA,DBTS14_S15GDI,2016,44.6827
LVA,DBTS14_S15GDI,2017,43.78806
LVA,DBTS11GDP,1995,56.83941
LVA,DBTS11GDP,1996,61.4776
LVA,DBTS11GDP,1997,67.01737
LVA,DBTS11GDP,1998,77.61586
LVA,DBTS11GDP,1999,80.46706
LVA,DBTS11GDP,2000,86.47814
LVA,DBTS11GDP,2001,86.71447
LVA,DBTS11GDP,2002,84.62495
LVA,DBTS11GDP,2003,85.69349
LVA,DBTS11GDP,2004,92.66883
LVA,DBTS11GDP,2005,105.2069
LVA,DBTS11GDP,2006,113.3044
LVA,DBTS11GDP,2007,121.0057
LVA,DBTS11GDP,2008,125.0643
LVA,DBTS11GDP,2009,156.7132
LVA,DBTS11GDP,2010,169.4916
LVA,DBTS11GDP,2011,151.757
LVA,DBTS11GDP,2012,140.2252
LVA,DBTS11GDP,2013,126.7523
LVA,DBTS11GDP,2014,128.4444
LVA,DBTS11GDP,2015,122.1982
LVA,DBTS11GDP,2016,122.5033
LVA,DBTS11GDP,2017,119.0875
LVA,DBTS12GDP,1995,40.9973
LVA,DBTS12GDP,1996,47.88241
LVA,DBTS12GDP,1997,58.63788
LVA,DBTS12GDP,1998,54.50048
LVA,DBTS12GDP,1999,60.26659
LVA,DBTS12GDP,2000,72.91666
LVA,DBTS12GDP,2001,80.7226
LVA,DBTS12GDP,2002,89.03127
LVA,DBTS12GDP,2003,98.16123
LVA,DBTS12GDP,2004,115.7868
LVA,DBTS12GDP,2005,133.2493
LVA,DBTS12GDP,2006,157.0896
LVA,DBTS12GDP,2007,161.559
LVA,DBTS12GDP,2008,162.9414
LVA,DBTS12GDP,2009,188.7249
LVA,DBTS12GDP,2010,196.7726
LVA,DBTS12GDP,2011,164.3824
LVA,DBTS12GDP,2012,160.5594
LVA,DBTS12GDP,2013,160.2638
LVA,DBTS12GDP,2014,171.3532
LVA,DBTS12GDP,2015,186.1159
LVA,DBTS12GDP,2016,191.4115
LVA,DBTS12GDP,2017,188.4397
LVA,DBTS1GDP,1995,115.1571
LVA,DBTS1GDP,1996,127.1663
LVA,DBTS1GDP,1997,143.7119
LVA,DBTS1GDP,1998,148.5229
LVA,DBTS1GDP,1999,161.9386
LVA,DBTS1GDP,2000,183.7588
LVA,DBTS1GDP,2001,194.1659
LVA,DBTS1GDP,2002,202.976
LVA,DBTS1GDP,2003,217.3219
LVA,DBTS1GDP,2004,250.5078
LVA,DBTS1GDP,2005,288.0927
LVA,DBTS1GDP,2006,332.744
LVA,DBTS1GDP,2007,348.2458
LVA,DBTS1GDP,2008,364.9767
LVA,DBTS1GDP,2009,451.2505
LVA,DBTS1GDP,2010,482.2758
LVA,DBTS1GDP,2011,415.4174
LVA,DBTS1GDP,2012,389.8597
LVA,DBTS1GDP,2013,369.7052
LVA,DBTS1GDP,2014,381.57
LVA,DBTS1GDP,2015,383.1446
LVA,DBTS1GDP,2016,396.71
LVA,DBTS1GDP,2017,390.1927
