iso3c,year,gini_post_tax,gini_pre_tax
AFG,2007,30,30.8
AFG,2008,30,30.9
AFG,2009,30.1,30.9
AFG,2010,30.2,30.9
AFG,2011,30.3,31
AFG,2012,30.4,31.1
ALB,1996,37.7,43.5
ALB,1997,37.8,43.6
ALB,1998,37.9,43.7
ALB,1999,38,43.8
ALB,2000,38.1,43.9
ALB,2001,38.2,44
ALB,2002,38.3,44.1
ALB,2003,38.4,44.1
ALB,2004,38.5,44.1
ALB,2005,38.5,44.1
ALB,2006,38.5,44
ALB,2007,38.4,44
ALB,2008,38.5,44
ALB,2009,38.4,44
ALB,2010,38.4,44
ALB,2011,38.4,43.9
ALB,2012,38.3,43.9
DZA,1988,37.4,38.3
DZA,1989,37.2,38.1
DZA,1990,37,37.8
DZA,1991,36.7,37.6
DZA,1992,36.5,37.3
DZA,1993,36.3,37.1
DZA,1994,36,36.9
DZA,1995,35.8,36.6
DZA,1996,35.6,36.3
DZA,1997,35.5,36.2
DZA,1998,35.3,36
DZA,1999,35.1,35.8
DZA,2000,34.9,35.6
DZA,2001,34.7,35.4
DZA,2002,34.5,35.2
DZA,2003,34.3,35
DZA,2004,34.1,34.9
DZA,2005,33.9,34.7
DZA,2006,33.7,34.4
DZA,2007,33.4,34.1
DZA,2008,33.1,33.8
DZA,2009,32.8,33.6
DZA,2010,32.5,33.4
DZA,2011,32.2,33.2
AND,2001,31.3,38.6
AND,2002,31.3,38.6
AND,2003,31.3,38.6
AND,2004,31.3,38.6
AND,2005,31.4,38.7
AND,2006,31.4,38.7
AND,2007,31.4,38.7
AND,2008,31.4,38.8
AND,2009,31.4,38.7
AND,2010,31.4,38.7
AND,2011,31.4,38.7
AND,2012,31.4,38.7
AND,2013,31.4,38.8
AND,2014,31.4,38.8
AND,2015,31.4,38.8
AND,2016,31.4,38.8
AGO,2000,49.1,49.9
AGO,2001,49,49.8
AGO,2002,48.8,49.7
AGO,2003,48.7,49.6
AGO,2004,48.6,49.6
AGO,2005,48.4,49.5
AGO,2006,48,49.1
AGO,2007,47.6,48.7
AGO,2008,47.2,48.4
AGO,2009,47.2,48.4
AIA,2002,36.1,35.3
AIA,2003,36.2,35.4
AIA,2004,36.4,35.5
AIA,2005,36.5,35.7
AIA,2006,36.6,35.7
AIA,2007,36.7,35.8
AIA,2008,36.8,35.9
AIA,2009,36.9,36
ATG,2007,47.2,45.1
ARG,1961,35.9,36
ARG,1962,35.8,36
ARG,1963,35.6,35.9
ARG,1964,35.6,35.9
ARG,1965,35.5,35.8
ARG,1966,35.5,35.8
ARG,1967,35.5,35.9
ARG,1968,35.6,35.9
ARG,1969,35.6,35.9
ARG,1970,35.5,36
ARG,1971,35.4,36
ARG,1972,35.3,36.1
ARG,1973,35.3,36.1
ARG,1974,35.2,36.2
ARG,1975,35.6,36.5
ARG,1976,36,36.8
ARG,1977,36.5,37.2
ARG,1978,36.9,37.5
ARG,1979,37.4,37.9
ARG,1980,37.9,38.3
ARG,1981,38.4,38.7
ARG,1982,38.9,39.1
ARG,1983,39.3,39.5
ARG,1984,39.7,39.9
ARG,1985,40.1,40.2
ARG,1986,40.6,40.6
ARG,1987,41.1,41
ARG,1988,41.6,41.4
ARG,1989,42,41.8
ARG,1990,42.2,42.1
ARG,1991,42.3,42.3
ARG,1992,42.3,42.5
ARG,1993,42.6,42.8
ARG,1994,43.2,43.2
ARG,1995,43.7,43.7
ARG,1996,44.3,44
ARG,1997,44.9,44.5
ARG,1998,45.3,44.8
ARG,1999,45.7,45.1
ARG,2000,46.1,45.3
ARG,2001,46.4,45.4
ARG,2002,46.4,45.4
ARG,2003,45.9,45
ARG,2004,45.1,44.4
ARG,2005,44.1,43.8
ARG,2006,43.1,43.1
ARG,2007,42.1,42.4
ARG,2008,41.3,41.7
ARG,2009,40.6,41.3
ARG,2010,39.9,40.7
ARG,2011,39.2,40.2
ARG,2012,38.6,39.8
ARG,2013,38.1,39.4
ARG,2014,37.7,39
ARG,2015,37.4,38.7
ARG,2016,37.3,38.6
ARG,2017,37.3,38.6
ARM,1988,31.2,45.1
ARM,1989,31.2,45.3
ARM,1990,32.1,45.9
ARM,1991,33.2,46.6
ARM,1992,34.4,47.3
ARM,1993,35.5,47.9
ARM,1994,36.7,48.6
ARM,1995,38,49.3
ARM,1996,39.1,49.9
ARM,1997,39.6,50.3
ARM,1998,40.2,50.7
ARM,1999,40.6,50.9
ARM,2000,40.2,50.7
ARM,2001,39.9,50.5
ARM,2002,39.3,50.2
ARM,2003,39.2,50
ARM,2004,38.8,49.8
ARM,2005,38.2,49.3
ARM,2006,37.5,48.9
ARM,2007,37.1,48.4
ARM,2008,36.5,47.9
ARM,2009,36.1,47.6
ARM,2010,35.9,47.4
ARM,2011,35.6,47.3
ARM,2012,36.2,47.5
ARM,2013,36.7,47.8
ARM,2014,37.2,48
ARM,2015,37.5,48.2
ARM,2016,37.6,48.2
AUS,1967,27.9,37.7
AUS,1968,27.8,38
AUS,1969,27.6,38.3
AUS,1970,27.4,38.5
AUS,1971,27.1,38.6
AUS,1972,26.9,38.7
AUS,1973,26.6,38.8
AUS,1974,26.3,38.9
AUS,1975,25.4,38.4
AUS,1976,25.8,38.8
AUS,1977,26.3,39.1
AUS,1978,26.7,39.5
AUS,1979,27.1,39.8
AUS,1980,27.5,40.2
AUS,1981,27.9,40.5
AUS,1982,27.7,41
AUS,1983,27.9,41.5
AUS,1984,28.1,41.9
AUS,1985,28.8,42.6
AUS,1986,28.8,42.9
AUS,1987,29.2,43.1
AUS,1988,29.5,43.4
AUS,1989,29.8,43.6
AUS,1990,29.4,44.1
AUS,1991,29.5,44.5
AUS,1992,29.5,45
AUS,1993,29.6,45.5
AUS,1994,29.6,45.9
AUS,1995,30.5,46.8
AUS,1996,30.8,46.7
AUS,1997,31,46.8
AUS,1998,31.4,47.3
AUS,1999,31.7,47.6
AUS,2000,32,48
AUS,2001,32,48.3
AUS,2002,31.9,48.2
AUS,2003,31.8,48.1
AUS,2004,31.8,48
AUS,2005,32.1,48.1
AUS,2006,32.2,48.1
AUS,2007,32.6,48
AUS,2008,32.9,47.9
AUS,2009,32.9,47.9
AUS,2010,32.9,48
AUS,2011,32.8,48.1
AUS,2012,32.7,48.2
AUS,2013,32.9,48.1
AUS,2014,33.1,48.1
AUS,2015,33.1,48
AUS,2016,33,47.9
AUT,1983,23.9,36.1
AUT,1984,23.7,36.4
AUT,1985,23.5,36.5
AUT,1986,23.4,36.8
AUT,1987,23.1,37
AUT,1988,23.7,37.9
AUT,1989,24.3,38.9
AUT,1990,24.8,39.8
AUT,1991,25.4,40.8
AUT,1992,26,41.7
AUT,1993,26.5,42.7
AUT,1994,27.4,43.9
AUT,1995,28,45
AUT,1996,27.5,44.5
AUT,1997,27.2,44.1
AUT,1998,27,43.9
AUT,1999,26.7,43.7
AUT,2000,26.6,44
AUT,2001,26.7,44.4
AUT,2002,26.9,44.8
AUT,2003,26.9,45.2
AUT,2004,26.9,45.6
AUT,2005,27,45.8
AUT,2006,27.5,46.4
AUT,2007,28,47.2
AUT,2008,28.2,47.3
AUT,2009,28.4,47.6
AUT,2010,28.2,47.9
AUT,2011,28.3,47.7
AUT,2012,28.2,47.8
AUT,2013,28.1,48.1
AUT,2014,28.1,47.6
AUT,2015,28.3,47.3
AUT,2016,28.4,47.2
AZE,1988,29.6,34
AZE,1989,29.8,34
AZE,1990,30,34.3
AZE,1991,30.2,34.7
AZE,1992,30.4,35.1
AZE,1993,30.6,35.5
AZE,1994,30.9,35.9
AZE,1995,30.9,36.1
AZE,1996,30.3,35.6
AZE,1997,29.7,35.2
AZE,1998,29.1,34.8
AZE,1999,28.5,34.3
AZE,2000,28,33.9
AZE,2001,27.4,33.7
AZE,2002,24.5,32.2
AZE,2003,22.7,31.2
AZE,2004,21.6,30.6
AZE,2005,21.4,30.5
AZE,2006,22.1,30.8
AZE,2007,22.7,31.2
AZE,2008,23.3,31.5
BHS,2001,44.7,50.9
BHS,2002,44.4,50.9
BHS,2003,44.2,50.9
BHS,2004,44,50.8
BHS,2005,43.9,50.7
BHS,2006,43.9,50.6
BHS,2007,43.9,50.5
BHS,2008,43.9,50.4
BHS,2009,43.9,50.4
BHS,2010,43.9,50.3
BHS,2011,44,50.2
BHS,2012,44,50
BHS,2013,44,49.9
BHR,2014,51.2,55.4
BGD,1964,29.3,32.9
BGD,1965,29.2,32.9
BGD,1966,29.1,32.8
BGD,1967,29,32.7
BGD,1968,28.9,32.7
BGD,1969,28.8,32.6
BGD,1970,29,32.9
BGD,1971,29.3,33.1
BGD,1972,29.4,33.3
BGD,1973,29.6,33.6
BGD,1974,29.9,33.9
BGD,1975,30.2,34.3
BGD,1976,30.6,34.8
BGD,1977,31,35.2
BGD,1978,30.7,35
BGD,1979,30.5,34.8
BGD,1980,30.4,34.7
BGD,1981,30.2,34.6
BGD,1982,30.1,34.5
BGD,1983,29.7,34
BGD,1984,29.6,34
BGD,1985,29.5,33.9
BGD,1986,29.7,34.2
BGD,1987,29.8,34.2
BGD,1988,29.9,34.3
BGD,1989,30.1,34.6
BGD,1990,30.3,34.7
BGD,1991,30.5,34.7
BGD,1992,30.8,35.1
BGD,1993,31.2,35.3
BGD,1994,31.6,35.6
BGD,1995,31.9,35.8
BGD,1996,32.3,36.1
BGD,1997,32.5,36.2
BGD,1998,32.8,36.3
BGD,1999,33,36.4
BGD,2000,33.3,36.5
BGD,2001,33.4,36.5
BGD,2002,33.5,36.6
BGD,2003,33.7,36.7
BGD,2004,33.9,36.7
BGD,2005,34,36.8
BGD,2006,34,36.7
BGD,2007,33.9,36.6
BGD,2008,33.9,36.5
BGD,2009,33.9,36.4
BGD,2010,33.9,36.3
BGD,2011,33.8,36.1
BGD,2012,33.7,36
BGD,2013,33.7,35.8
BGD,2014,33.6,35.7
BGD,2015,33.6,35.5
BGD,2016,33.6,35.4
BRB,1979,45,44.5
BRB,1980,45,44.4
BRB,1981,45.1,44.5
BRB,1982,45.2,44.5
BRB,1983,45.2,44.5
BRB,1984,45.2,44.5
BRB,1985,45.3,44.5
BRB,1986,45.3,44.5
BRB,1987,45.4,44.5
BRB,1988,45.4,44.5
BRB,1989,45.4,44.5
BRB,1990,45.5,44.5
BRB,1991,45.5,44.5
BRB,1992,45.6,44.5
BRB,1993,45.6,44.6
BRB,1994,45.7,44.6
BRB,1995,45.8,44.6
BRB,1996,45.8,44.7
BRB,1997,45.9,44.7
BRB,1998,46,44.8
BRB,1999,46.1,44.9
BRB,2000,46.1,45
BRB,2001,46.2,45.1
BRB,2002,46.3,45.1
BRB,2003,46.3,45.2
BRB,2004,46.4,45.3
BRB,2005,46.5,45.4
BRB,2006,46.5,45.5
BRB,2007,46.6,45.6
BRB,2008,46.6,45.6
BRB,2009,46.7,45.7
BRB,2010,46.8,45.7
BLR,1988,22.6,25.4
BLR,1989,22.6,25.3
BLR,1990,22.7,25.5
BLR,1991,23,25.8
BLR,1992,23.3,26.1
BLR,1993,23.6,26.4
BLR,1994,23.8,26.6
BLR,1995,24.1,26.9
BLR,1996,24.1,27.5
BLR,1997,24.3,28.2
BLR,1998,24.6,29.2
BLR,1999,24.7,29.8
BLR,2000,24.6,30.2
BLR,2001,24.5,30.3
BLR,2002,24.4,30.1
BLR,2003,24.2,29.7
BLR,2004,24,29.4
BLR,2005,24.1,29.3
BLR,2006,24.4,29.6
BLR,2007,24.5,29.8
BLR,2008,24.4,29.8
BLR,2009,24.5,29.8
BLR,2010,24.5,29.9
BLR,2011,24.5,30
BLR,2012,24.4,30.2
BLR,2013,24.3,30.4
BLR,2014,24,30.8
BLR,2015,23.9,31
BLR,2016,23.9,31.1
BEL,1979,23.5,39.4
BEL,1980,23.5,39.8
BEL,1981,23.5,40.2
BEL,1982,23.5,40.6
BEL,1983,23.6,41
BEL,1984,23.4,41.4
BEL,1985,23.2,41.9
BEL,1986,23.3,42.2
BEL,1987,23.3,42.6
BEL,1988,23.4,43
BEL,1989,23.5,43.4
BEL,1990,23.5,43.8
BEL,1991,23.5,44.3
BEL,1992,23.6,44.7
BEL,1993,24.3,44.8
BEL,1994,25.1,44.9
BEL,1995,25.5,45.3
BEL,1996,25.7,45.2
BEL,1997,25.7,45.4
BEL,1998,26.3,44.6
BEL,1999,26.6,43.9
BEL,2000,26.7,43.3
BEL,2001,26.7,42.2
BEL,2002,26.7,41.1
BEL,2003,26.5,40.1
BEL,2004,26.6,39.6
BEL,2005,26.3,39
BEL,2006,26,38.5
BEL,2007,25.9,38.1
BEL,2008,25.7,37.8
BEL,2009,25.7,37.6
BEL,2010,25.6,37.4
BEL,2011,25.6,37.2
BEL,2012,25.5,37
BEL,2013,25.6,36.9
BEL,2014,25.6,36.6
BEL,2015,25.6,36.5
BEL,2016,25.7,36.5
BLZ,1993,51.5,60
BLZ,1994,51.6,60
BLZ,1995,51.5,59.8
BLZ,1996,51.4,59.7
BLZ,1997,51.2,59.6
BLZ,1998,50.9,59.2
BLZ,1999,50.6,58.9
BLZ,2000,50.3,58.4
BLZ,2001,50.1,58
BLZ,2002,49.8,57.7
BLZ,2003,49.7,57.5
BLZ,2004,49.6,57.3
BLZ,2005,49.5,57.1
BLZ,2006,49.3,56.9
BLZ,2007,49.2,56.7
BLZ,2008,49.2,56.5
BLZ,2009,49.1,56.4
BEN,2002,41.9,42.5
BEN,2003,41.8,42.5
BEN,2004,42.5,43.2
BEN,2005,43.3,44
BEN,2006,44,44.7
BEN,2007,44.4,45
BEN,2008,44.6,45.3
BEN,2009,44.8,45.5
BEN,2010,44.8,45.4
BEN,2011,44.8,45.5
BEN,2012,45.1,45.8
BEN,2013,45.3,46
BEN,2014,45.5,46.3
BEN,2015,45.7,46.5
BTN,2003,40.5,41.3
BTN,2004,40.5,41.3
BTN,2005,40.5,41.2
BTN,2006,40.2,41
BTN,2007,40,40.7
BTN,2008,39.9,40.6
BTN,2009,39.7,40.5
BTN,2010,39.6,40.4
BTN,2011,39.5,40.3
BTN,2012,39.4,40.2
BTN,2013,39.3,40.1
BTN,2014,39.3,40
BTN,2015,39.2,40
BTN,2016,39.2,40
BTN,2017,39.1,40
BOL,1990,46.8,47
BOL,1991,47.2,47.2
BOL,1992,47.6,47.5
BOL,1993,48.3,48
BOL,1994,49.1,48.4
BOL,1995,49.8,48.9
BOL,1996,50.6,49.4
BOL,1997,51.3,49.8
BOL,1998,51.9,50.3
BOL,1999,52.6,50.6
BOL,2000,53.1,50.9
BOL,2001,53.1,50.8
BOL,2002,52.9,50.6
BOL,2003,52.3,50.1
BOL,2004,51.8,49.7
BOL,2005,51.3,49.3
BOL,2006,50.3,48.6
BOL,2007,49.1,47.7
BOL,2008,47.6,46.7
BOL,2009,46.3,45.8
BOL,2010,45.3,45
BOL,2011,44.3,44.2
BOL,2012,43.9,43.7
BOL,2013,43.7,43.3
BOL,2014,43.3,42.9
BOL,2015,42.8,42.6
BOL,2016,42.3,42.3
BOL,2017,42.1,42.1
BIH,2001,38.7,45.6
BIH,2002,38.9,45.8
BIH,2003,39.2,45.9
BIH,2004,39.5,46
BIH,2005,39.6,46.2
BIH,2006,39.7,46.3
BIH,2007,39.8,46.4
BIH,2008,39.7,46.4
BIH,2009,39.7,46.4
BIH,2010,39.6,46.4
BIH,2011,39.5,46.4
BIH,2012,39.5,46.4
BIH,2013,39.5,46.5
BIH,2014,39.5,46.4
BIH,2015,39.4,46.4
BWA,1985,56.9,56.9
BWA,1986,57,57.1
BWA,1987,57.2,57.2
BWA,1988,57.3,57.3
BWA,1989,57.3,57.4
BWA,1990,57.4,57.5
BWA,1991,57.5,57.6
BWA,1992,57.6,57.7
BWA,1993,57.7,57.8
BWA,1994,57.7,57.8
BWA,1995,57.9,57.9
BWA,1996,58.1,58
BWA,1997,58.2,58.2
BWA,1998,58.3,58.3
BWA,1999,58.5,58.4
BWA,2000,58.7,58.5
BWA,2001,58.8,58.6
BWA,2002,58.9,58.7
BWA,2003,58.8,58.5
BWA,2004,58.7,58.4
BWA,2005,58.7,58.3
BWA,2006,58.8,58.4
BWA,2007,58.9,58.6
BWA,2008,59.1,58.7
BWA,2009,59.2,58.8
BWA,2010,59.3,58.9
BRA,1960,49.4,55.6
BRA,1961,49.5,55.7
BRA,1962,49.6,55.9
BRA,1963,49.6,56.1
BRA,1964,49.7,56.3
BRA,1965,49.8,56.5
BRA,1966,49.9,56.6
BRA,1967,50,56.9
BRA,1968,50,57
BRA,1969,50.2,57.2
BRA,1970,50.2,57.4
BRA,1971,50.1,57.5
BRA,1972,50,57.6
BRA,1973,50,57.7
BRA,1974,49.9,57.7
BRA,1975,50.5,58.1
BRA,1976,51.2,58.4
BRA,1977,51.5,58.5
BRA,1978,51.6,58.5
BRA,1979,51.6,58.4
BRA,1980,51.6,58.4
BRA,1981,51.6,58.4
BRA,1982,51.7,58.5
BRA,1983,51.8,58.6
BRA,1984,51.6,58.6
BRA,1985,51.5,58.7
BRA,1986,52.2,59.1
BRA,1987,53,59.7
BRA,1988,53.9,60.2
BRA,1989,54.3,60.4
BRA,1990,53.8,60.2
BRA,1991,53.4,59.9
BRA,1992,53,59.6
BRA,1993,53,59.8
BRA,1994,53,59.8
BRA,1995,53,59.9
BRA,1996,53.1,59.9
BRA,1997,53,59.9
BRA,1998,52.8,59.8
BRA,1999,52.5,59.6
BRA,2000,52.1,59.4
BRA,2001,51.8,59.2
BRA,2002,51.3,58.9
BRA,2003,50.7,58.6
BRA,2004,49.8,58.3
BRA,2005,49.2,58
BRA,2006,48.8,57.2
BRA,2007,47.9,56.7
BRA,2008,47.2,56.1
BRA,2009,46.7,55.6
BRA,2010,46.3,55.5
BRA,2011,45.9,55.4
BRA,2012,45.6,54.9
BRA,2013,45,55
BRA,2014,45,53.8
BRA,2015,45.3,53.6
BRA,2016,46.2,53.6
BRA,2017,46.5,53.7
BRN,1981,51.8,49.8
BGR,1989,29,35
BGR,1990,29.2,35.1
BGR,1991,29.6,35.1
BGR,1992,30,35.3
BGR,1993,30.6,35.5
BGR,1994,31.1,35.7
BGR,1995,31.5,35.8
BGR,1996,31.7,35.8
BGR,1997,31.8,35.9
BGR,1998,31.7,35.9
BGR,1999,31.6,35.8
BGR,2000,31.6,35.9
BGR,2001,31.8,36.1
BGR,2002,32.1,36.2
BGR,2003,32.2,36.2
BGR,2004,32.3,36.3
BGR,2005,32.4,36.2
BGR,2006,32.5,36.3
BGR,2007,32.5,36.4
BGR,2008,32.6,36.4
BGR,2009,32.7,36.5
BGR,2010,33,36.5
BGR,2011,33.3,36.7
BGR,2012,33.6,36.8
BGR,2013,33.9,36.8
BGR,2014,34.2,36.9
BGR,2015,34.4,37
BGR,2016,34.5,37
BFA,1994,46.1,46.4
BFA,1995,46,46.4
BFA,1996,46,46.4
BFA,1997,46,46.5
BFA,1998,46,46.5
BFA,1999,45.6,46
BFA,2000,45.1,45.6
BFA,2001,44.6,45
BFA,2002,44.1,44.6
BFA,2003,43.7,44.1
BFA,2004,43.1,43.5
BFA,2005,42.5,42.9
BFA,2006,41.9,42.3
BFA,2007,41.3,41.7
BFA,2008,40.7,41.1
BFA,2009,40.2,40.4
BFA,2010,39.7,40
BFA,2011,39.2,39.5
BFA,2012,38.7,39
BFA,2013,38.3,38.5
BFA,2014,37.8,38
BDI,1992,37.3,38
BDI,1993,37.5,38.3
BDI,1994,37.7,38.5
BDI,1995,37.9,38.7
BDI,1996,38.2,38.9
BDI,1997,38.4,39.2
BDI,1998,38.6,39.5
BDI,1999,38.4,39.1
BDI,2000,38.1,38.8
BDI,2001,37.9,38.5
BDI,2002,37.6,38.3
BDI,2003,37.3,38
BDI,2004,37,37.6
BDI,2005,36.7,37.4
BDI,2006,36.4,37
BDI,2007,36.5,37.1
BDI,2008,36.6,37.2
BDI,2009,36.6,37.3
BDI,2010,36.7,37.4
BDI,2011,36.8,37.5
BDI,2012,36.9,37.6
BDI,2013,37,37.7
KHM,1997,36.7,37.6
KHM,1998,36.6,37.5
KHM,1999,36.5,37.3
KHM,2000,36.3,37.2
KHM,2001,36.2,37
KHM,2002,36,36.9
KHM,2003,35.9,36.7
KHM,2004,35.7,36.5
KHM,2005,35.5,36.4
KHM,2006,35.4,36.3
KHM,2007,35.2,36.1
KHM,2008,35.1,36
KHM,2009,34.8,35.7
KHM,2010,34.5,35.4
KHM,2011,34.2,35.1
KHM,2012,33.9,34.9
CMR,1996,42.6,42.5
CMR,1997,42.5,42.5
CMR,1998,42.5,42.5
CMR,1999,42.6,42.6
CMR,2000,42.5,42.6
CMR,2001,42.6,42.7
CMR,2002,42.6,42.8
CMR,2003,42.7,42.8
CMR,2004,42.7,42.8
CMR,2005,42.8,42.8
CMR,2006,42.8,42.9
CMR,2007,42.8,42.9
CMR,2008,43,43
CMR,2009,43.1,43.1
CMR,2010,43.2,43.2
CMR,2011,43.4,43.3
CMR,2012,43.5,43.4
CMR,2013,43.6,43.6
CMR,2014,43.7,43.7
CAN,1971,32.2,41
CAN,1972,31.1,40.9
CAN,1973,30.4,40.6
CAN,1974,29.7,40.1
CAN,1975,29.3,39.6
CAN,1976,28.3,41.1
CAN,1977,27.4,40.6
CAN,1978,27.5,40.7
CAN,1979,27.2,40.3
CAN,1980,27.3,40.2
CAN,1981,28.1,39.8
CAN,1982,27.9,41.1
CAN,1983,28.4,42
CAN,1984,28.4,42
CAN,1985,28.2,41.8
CAN,1986,28.2,41.6
CAN,1987,28.2,41.3
CAN,1988,27.8,41.2
CAN,1989,27.7,41.3
CAN,1990,28.2,42
CAN,1991,28.5,42.7
CAN,1992,29,43.3
CAN,1993,29,43.5
CAN,1994,28.8,44.6
CAN,1995,29.3,44.1
CAN,1996,29.8,44.7
CAN,1997,29.7,45.4
CAN,1998,30.5,46.5
CAN,1999,30.7,46
CAN,2000,31,46.2
CAN,2001,31,46.2
CAN,2002,31,46.2
CAN,2003,31,46.2
CAN,2004,31.3,46.7
CAN,2005,31,46.2
CAN,2006,30.9,46.1
CAN,2007,31.1,46.5
CAN,2008,31,46.2
CAN,2009,31,46.4
CAN,2010,31.2,47
CAN,2011,30.9,46.2
CAN,2012,31,46.3
CAN,2013,31.3,46.8
CAN,2014,30.8,46
CAN,2015,30.7,45.7
CAN,2016,30.4,45.4
CPV,1999,49.6,50.3
CPV,2000,49.7,50.4
CPV,2001,49.8,50.4
CPV,2002,49.7,50.4
CPV,2003,49.5,50.2
CPV,2004,49.2,49.9
CPV,2005,48.9,49.6
CPV,2006,48.6,49.2
CPV,2007,48.3,48.9
CPV,2008,48.3,48.9
CPV,2009,48.2,48.9
CPV,2010,48.1,48.9
CPV,2011,48.1,48.8
CPV,2012,48,48.7
CPV,2013,47.9,48.7
CPV,2014,47.9,48.7
CPV,2015,47.8,48.6
CAF,1992,51.4,52.2
CAF,1993,51.2,52.1
CAF,1994,51.1,51.9
CAF,1995,51,51.8
CAF,1996,50.8,51.7
CAF,1997,50.6,51.5
CAF,1998,50.5,51.3
CAF,1999,50.4,51.2
CAF,2000,50.2,51.1
CAF,2001,50,50.9
CAF,2002,49.9,50.8
CAF,2003,49.8,50.6
CAF,2004,49.8,50.7
CAF,2005,49.9,50.8
CAF,2006,50.3,51.2
CAF,2007,50.6,51.6
CAF,2008,51,51.9
TCD,2003,40.2,40.5
TCD,2004,40.3,40.7
TCD,2005,40.4,40.9
TCD,2006,40.6,41.1
TCD,2007,40.8,41.3
TCD,2008,41,41.5
TCD,2009,41.1,41.7
TCD,2010,41.3,41.8
TCD,2011,41.5,42
CHL,1968,44.5,47.9
CHL,1969,44.6,48.1
CHL,1970,44.7,48.3
CHL,1971,44.9,48.5
CHL,1972,45.1,48.8
CHL,1973,45.3,49.1
CHL,1974,45.5,49.4
CHL,1975,45.6,49.7
CHL,1976,45.8,49.9
CHL,1977,45.9,50.2
CHL,1978,46.2,50.5
CHL,1979,46.4,50.8
CHL,1980,46.7,51
CHL,1981,46.9,51.2
CHL,1982,47.2,51.5
CHL,1983,47.4,51.8
CHL,1984,47.6,52
CHL,1985,47.9,52.3
CHL,1986,48.1,52.6
CHL,1987,48.3,52.8
CHL,1988,48.3,52.8
CHL,1989,48.2,52.7
CHL,1990,48,52.7
CHL,1991,47.8,52.2
CHL,1992,47.6,51.8
CHL,1993,47.9,52.2
CHL,1994,48.2,52.5
CHL,1995,48.2,52.6
CHL,1996,48.2,52.6
CHL,1997,48.4,52.7
CHL,1998,48.5,52.8
CHL,1999,48.5,53.1
CHL,2000,48.5,53.3
CHL,2001,48.2,53
CHL,2002,48,52.7
CHL,2003,47.8,52.4
CHL,2004,47.2,51.9
CHL,2005,46.7,51.4
CHL,2006,46.2,50.9
CHL,2007,46,51.1
CHL,2008,45.8,51.3
CHL,2009,45.6,51.6
CHL,2010,45.3,51.3
CHL,2011,45.1,51.1
CHL,2012,44.9,50.9
CHL,2013,44.7,50.8
CHL,2014,44.8,51
CHL,2015,44.9,51.3
CHN,1978,28.4,30.8
CHN,1979,28.3,30.8
CHN,1980,28.2,30.7
CHN,1981,28,30.7
CHN,1982,27.6,30.7
CHN,1983,27.5,30.7
CHN,1984,27.7,31
CHN,1985,28.2,31.3
CHN,1986,29.1,31.9
CHN,1987,29.9,32.5
CHN,1988,30.9,33.1
CHN,1989,31.6,33.7
CHN,1990,32.2,34.4
CHN,1991,32.8,35
CHN,1992,33.8,35.7
CHN,1993,34.7,36.4
CHN,1994,35.4,37.1
CHN,1995,35.8,37.6
CHN,1996,35.9,38.1
CHN,1997,36.3,38.6
CHN,1998,36.8,39.2
CHN,1999,37.6,39.8
CHN,2000,38.6,40.5
CHN,2001,39.8,41.2
CHN,2002,41,41.9
CHN,2003,41.5,42.8
CHN,2004,42.1,43.6
CHN,2005,42.4,44.2
CHN,2006,42.7,44.7
CHN,2007,43.1,45.1
CHN,2008,43.2,45.6
CHN,2009,43.2,45.9
CHN,2010,43,46.2
CHN,2011,42.8,46.5
CHN,2012,41.9,46.6
CHN,2013,40.9,46.8
CHN,2014,41.1,46.7
CHN,2015,41.2,46.7
COL,1970,50.3,50.3
COL,1971,50.4,50.4
COL,1972,50.4,50.5
COL,1973,50.5,50.6
COL,1974,50.5,50.7
COL,1975,50.6,50.9
COL,1976,50.7,51
COL,1977,50.8,51.1
COL,1978,50.8,51.2
COL,1979,50.8,51.3
COL,1980,50.9,51.3
COL,1981,50.9,51.4
COL,1982,50.9,51.4
COL,1983,50.8,51.5
COL,1984,50.8,51.6
COL,1985,50.9,51.7
COL,1986,50.9,51.7
COL,1987,50.9,51.7
COL,1988,50.9,51.8
COL,1989,51,51.8
COL,1990,51,51.8
COL,1991,51.1,51.9
COL,1992,51.2,52
COL,1993,51.5,52.2
COL,1994,51.8,52.4
COL,1995,51.9,52.4
COL,1996,52,52.5
COL,1997,52.1,52.6
COL,1998,52.1,52.8
COL,1999,52.1,52.9
COL,2000,52,53
COL,2001,51.9,53.1
COL,2002,51.6,53.2
COL,2003,51.1,53
COL,2004,51.2,53.1
COL,2005,51,53.2
COL,2006,51.3,53.3
COL,2007,51.5,53.5
COL,2008,51.1,52.9
COL,2009,50.5,52.3
COL,2010,49.8,51.7
COL,2011,49.7,51.6
COL,2012,49.4,51.5
COL,2013,49.2,51.6
COL,2014,48.8,51.2
COL,2015,48.2,51
COL,2016,47.9,50.8
COL,2017,47.9,50.8
COM,2004,54.3,54.7
COM,2005,54.3,54.8
COM,2006,54,54.6
COM,2007,53.7,54.3
COM,2008,53.5,54.1
COM,2009,53.3,53.9
COM,2010,53,53.6
COM,2011,52.7,53.3
COM,2012,52.5,53
COM,2013,52.2,52.8
COG,2005,46.1,45.9
COG,2006,46.2,46.1
COG,2007,46.4,46.2
COG,2008,46.5,46.5
COG,2009,46.6,46.6
COG,2010,46.8,46.8
COG,2011,47,47
COD,2004,42.1,42.3
COD,2005,42.2,42.4
COD,2006,42.2,42.4
COD,2007,42.2,42.3
COD,2008,42.2,42.3
COD,2009,42.2,42.3
COD,2010,42.1,42.3
COD,2011,42.1,42.2
COD,2012,42.1,42.2
CRI,1961,42.6,43.7
CRI,1962,42.5,43.8
CRI,1963,42.4,43.8
CRI,1964,42.4,43.8
CRI,1965,42.3,43.8
CRI,1966,42.2,43.8
CRI,1967,42.1,43.8
CRI,1968,42,43.8
CRI,1969,42,43.8
CRI,1970,41.9,43.8
CRI,1971,41.8,43.8
CRI,1972,41.7,43.8
CRI,1973,41.6,43.8
CRI,1974,41.5,43.7
CRI,1975,41.3,43.7
CRI,1976,41.2,43.7
CRI,1977,41,43.7
CRI,1978,41,43.7
CRI,1979,40.8,43.7
CRI,1980,40.7,43.6
CRI,1981,40.6,43.6
CRI,1982,40.4,43.5
CRI,1983,40.2,43.5
CRI,1984,39.9,43.4
CRI,1985,39.7,43.4
CRI,1986,39.6,43.3
CRI,1987,39.8,43.5
CRI,1988,40.1,43.7
CRI,1989,40.5,43.9
CRI,1990,40.8,44.2
CRI,1991,41.2,44.5
CRI,1992,41.4,44.7
CRI,1993,41.6,45
CRI,1994,41.9,45.3
CRI,1995,42,45.5
CRI,1996,42.2,45.7
CRI,1997,42.5,46
CRI,1998,42.9,46.4
CRI,1999,43.5,46.9
CRI,2000,44.2,47.4
CRI,2001,45,48
CRI,2002,45.3,48.2
CRI,2003,45.1,48.3
CRI,2004,44.9,48.3
CRI,2005,44.9,48.4
CRI,2006,45.1,48.5
CRI,2007,45.2,48.6
CRI,2008,45.3,48.8
CRI,2009,45.5,49
CRI,2010,45.6,49.2
CRI,2011,45.8,49.4
CRI,2012,46.1,49.5
CRI,2013,46.3,49.7
CRI,2014,46.2,49.7
CRI,2015,46.1,49.6
CRI,2016,46.1,49.7
CRI,2017,46.1,49.7
CIV,1985,40.5,40.6
CIV,1986,40.2,40.3
CIV,1987,40.1,40.2
CIV,1988,40,40.1
CIV,1989,40,40.1
CIV,1990,39.9,40.2
CIV,1991,39.9,40.1
CIV,1992,40,40.2
CIV,1993,40,40.2
CIV,1994,40.1,40.3
CIV,1995,40.1,40.4
CIV,1996,40.2,40.4
CIV,1997,40.2,40.4
CIV,1998,40.2,40.4
CIV,1999,40.5,40.7
CIV,2000,40.7,41
CIV,2001,41,41.3
CIV,2002,41.3,41.6
CIV,2003,41.3,41.4
CIV,2004,41.3,41.4
CIV,2005,41.3,41.4
CIV,2006,41.2,41.3
CIV,2007,41.3,41.3
CIV,2008,41.2,41.2
CIV,2009,41.2,41.2
CIV,2010,41.1,41
CIV,2011,41,41
CIV,2012,41,40.9
CIV,2013,40.9,40.9
CIV,2014,40.9,40.8
CIV,2015,40.8,40.7
HRV,1988,28.5,36.5
HRV,1989,28.5,36.5
HRV,1990,28.4,36.6
HRV,1991,28.2,36.6
HRV,1992,28.1,36.6
HRV,1993,28,36.6
HRV,1994,27.9,36.6
HRV,1995,27.7,36.7
HRV,1996,27.6,36.7
HRV,1997,27.5,36.7
HRV,1998,27.4,36.7
HRV,1999,27,36.7
HRV,2000,26.5,36.8
HRV,2001,26.2,36.9
HRV,2002,26,37
HRV,2003,25.8,37.2
HRV,2004,25.8,37.4
HRV,2005,25.8,37.7
HRV,2006,25.9,38.1
HRV,2007,26.2,38.6
HRV,2008,26.6,39
HRV,2009,27.1,39.6
HRV,2010,27.7,40.2
HRV,2011,28.2,40.7
HRV,2012,28.5,41
HRV,2013,28.7,41.3
HRV,2014,28.9,41.5
HRV,2015,29,41.6
HRV,2016,29,41.6
CYP,1985,30.2,46.3
CYP,1986,30.1,46.4
CYP,1987,30.1,46.6
CYP,1988,30.1,46.8
CYP,1989,29.9,46.9
CYP,1990,29.9,47.1
CYP,1991,29.8,47.3
CYP,1992,29.6,47.6
CYP,1993,29.6,47.8
CYP,1994,29.6,48
CYP,1995,29.5,48.2
CYP,1996,29.4,48.5
CYP,1997,29.4,48.7
CYP,1998,29.4,48.9
CYP,1999,29.3,49.2
CYP,2000,29.3,49.4
CYP,2001,29.2,49.6
CYP,2002,29.2,49.8
CYP,2003,29.2,50
CYP,2004,29.1,50.2
CYP,2005,29.1,50.4
CYP,2006,29.2,50.6
CYP,2007,29.2,50.8
CYP,2008,29.4,51
CYP,2009,29.5,51.1
CYP,2010,29.6,51.4
CYP,2011,29.8,51.6
CYP,2012,29.9,51.8
CYP,2013,30,52
CYP,2014,30.1,52
CYP,2015,30.1,52
CYP,2016,30.1,52.1
CZE,1988,20,33.8
CZE,1989,19.7,34.4
CZE,1990,20.1,35.7
CZE,1991,20.5,37.2
CZE,1992,20.7,39.1
CZE,1993,21.5,39.6
CZE,1994,22.8,40.7
CZE,1995,23.8,41.6
CZE,1996,25,42.7
CZE,1997,24.8,42.9
CZE,1998,24.5,43
CZE,1999,24.6,43.5
CZE,2000,24.9,44
CZE,2001,25.1,44.6
CZE,2002,25.4,45.4
CZE,2003,25.6,45.4
CZE,2004,25.8,45.6
CZE,2005,25.7,45.4
CZE,2006,25.5,45
CZE,2007,25.3,44.7
CZE,2008,25.2,44.5
CZE,2009,25.2,44.4
CZE,2010,25.3,44.5
CZE,2011,25.2,44.5
CZE,2012,25.1,44.5
CZE,2013,25.4,44.8
CZE,2014,25.3,44.6
CZE,2015,25.2,44.4
CZE,2016,25.1,44.2
DNK,1976,24.4,37.4
DNK,1977,24.3,37.7
DNK,1978,24.1,38
DNK,1979,24,38.3
DNK,1980,23.8,38.7
DNK,1981,23.6,39.2
DNK,1982,23.3,39.6
DNK,1983,23,39.9
DNK,1984,22.8,40.3
DNK,1985,22.8,40.8
DNK,1986,23.4,41.1
DNK,1987,24.3,41.6
DNK,1988,23.2,41.4
DNK,1989,22.7,41.6
DNK,1990,22.7,42.1
DNK,1991,22.8,42.6
DNK,1992,23.4,43.5
DNK,1993,22.9,43.2
DNK,1994,22.2,43.4
DNK,1995,22,44.4
DNK,1996,22.1,43.5
DNK,1997,22.3,43.3
DNK,1998,22.5,43.3
DNK,1999,22.6,43.5
DNK,2000,22.6,43.9
DNK,2001,22.9,44
DNK,2002,23.1,44.2
DNK,2003,23.2,44.5
DNK,2004,23.2,44.9
DNK,2005,23.8,44.6
DNK,2006,24.4,44.5
DNK,2007,24.3,44.2
DNK,2008,24.7,45.1
DNK,2009,25.1,45.8
DNK,2010,25.4,46.9
DNK,2011,25.4,47
DNK,2012,25.4,47.3
DNK,2013,25.1,47.7
DNK,2014,25.9,48
DNK,2015,26.4,48.4
DNK,2016,26.8,48.8
DNK,2017,27,49.1
DJI,1996,39.5,40.3
DJI,1997,39.7,40.5
DJI,1998,39.8,40.6
DJI,1999,39.9,40.7
DJI,2000,40.1,40.9
DJI,2001,40.2,41
DJI,2002,40.3,41.1
DJI,2003,40.5,41.3
DJI,2004,40.7,41.5
DJI,2005,40.8,41.7
DJI,2006,41,41.9
DJI,2007,41.2,42
DJI,2008,41.4,42.2
DJI,2009,41.6,42.5
DJI,2010,41.8,42.7
DJI,2011,42,42.9
DJI,2012,42.2,43.1
DJI,2013,42.3,43.2
DMA,2002,43.6,41.6
DMA,2003,43.8,41.7
DMA,2004,43.9,41.9
DMA,2005,44.1,42
DMA,2006,44.3,42.2
DMA,2007,44.4,42.4
DMA,2008,44.6,42.5
DMA,2009,44.7,42.6
DMA,2010,44.7,42.6
DOM,1986,45.5,54.2
DOM,1987,45.6,54.3
DOM,1988,45.7,54.4
DOM,1989,45.8,54.5
DOM,1990,45.8,54.6
DOM,1991,45.9,54.6
DOM,1992,46,54.7
DOM,1993,46,54.7
DOM,1994,45.9,54.7
DOM,1995,45.9,54.7
DOM,1996,45.9,54.7
DOM,1997,46.3,54.8
DOM,1998,46.8,55
DOM,1999,47.3,55.1
DOM,2000,47.7,55.2
DOM,2001,47.8,55.2
DOM,2002,47.9,55.1
DOM,2003,48.2,55
DOM,2004,48.2,54.7
DOM,2005,47.9,54.2
DOM,2006,47.9,53.5
DOM,2007,47.4,52.5
DOM,2008,46.5,52.5
DOM,2009,46.1,52.5
DOM,2010,45.4,52.4
DOM,2011,45,52.2
DOM,2012,44.3,52
DOM,2013,44,51.8
DOM,2014,43.3,51.5
DOM,2015,43,51.4
DOM,2016,43,51.3
ECU,1987,48,48.3
ECU,1988,48.2,48.4
ECU,1989,48.3,48.6
ECU,1990,48.4,48.8
ECU,1991,48.5,48.9
ECU,1992,48.7,49
ECU,1993,48.8,49.1
ECU,1994,48.9,49.3
ECU,1995,49,49.4
ECU,1996,49.1,49.5
ECU,1997,49.2,49.7
ECU,1998,49.4,49.8
ECU,1999,49.9,50.1
ECU,2000,49.9,50
ECU,2001,49.6,49.7
ECU,2002,49.3,49.4
ECU,2003,48.9,49.1
ECU,2004,48.6,48.9
ECU,2005,48.1,48.5
ECU,2006,47.7,48
ECU,2007,46.9,47.5
ECU,2008,46,46.7
ECU,2009,45.1,46
ECU,2010,44.3,45.4
ECU,2011,43.4,44.8
ECU,2012,42.9,44.3
ECU,2013,42.5,44
ECU,2014,42.2,43.7
ECU,2015,42,43.5
ECU,2016,41.8,43.3
EGY,1975,34.9,38.1
EGY,1976,35,38.2
EGY,1977,35.1,38.4
EGY,1978,35.2,38.5
EGY,1979,35.3,38.6
EGY,1980,35.3,38.7
EGY,1981,35.4,38.8
EGY,1982,35.5,38.9
EGY,1983,35.7,39
EGY,1984,35.8,39.1
EGY,1985,35.9,39.2
EGY,1986,35.9,39.3
EGY,1987,36,39.5
EGY,1988,36.1,39.6
EGY,1989,36.2,39.7
EGY,1990,36.3,39.8
EGY,1991,36.4,39.9
EGY,1992,36.5,40.1
EGY,1993,36.6,40.2
EGY,1994,36.7,40.4
EGY,1995,36.8,40.6
EGY,1996,37.1,40.8
EGY,1997,37.4,41
EGY,1998,37.6,41.2
EGY,1999,37.8,41.5
EGY,2000,38,41.7
EGY,2001,38,41.8
EGY,2002,37.9,42
EGY,2003,37.8,42.2
EGY,2004,37.7,42.4
EGY,2005,37.7,42.6
EGY,2006,37.9,43.1
EGY,2007,38.2,43.5
EGY,2008,38.4,44
EGY,2009,39.3,44.8
EGY,2010,40.4,45.8
EGY,2011,42.2,47
EGY,2012,43.9,48.1
EGY,2013,43.5,48
EGY,2014,43.1,47.9
EGY,2015,42.7,47.7
SLV,1991,46.7,51.3
SLV,1992,46.7,51.4
SLV,1993,46.7,51.5
SLV,1994,46.7,51.6
SLV,1995,46.7,51.7
SLV,1996,46.8,51.8
SLV,1997,46.9,51.9
SLV,1998,46.9,52
SLV,1999,46.8,52.1
SLV,2000,46.7,52.1
SLV,2001,46.4,52
SLV,2002,46,51.7
SLV,2003,45.3,51.4
SLV,2004,44.6,51
SLV,2005,43.9,50.6
SLV,2006,43.1,50.2
SLV,2007,42.6,49.7
SLV,2008,42.1,49.3
SLV,2009,41.5,48.8
SLV,2010,40.7,48.2
SLV,2011,40,47.7
SLV,2012,39.6,47.2
SLV,2013,39.4,46.9
SLV,2014,38.9,46.5
SLV,2015,38.5,46.3
SLV,2016,38.3,46.2
GNQ,2006,49.5,48.3
EST,1988,27.9,41.7
EST,1989,28.5,41.9
EST,1990,29.2,42.3
EST,1991,30.4,43
EST,1992,31.6,43.5
EST,1993,32.8,44.1
EST,1994,33.7,44.6
EST,1995,34.4,44.9
EST,1996,34.8,45.3
EST,1997,35.3,45.8
EST,1998,35.6,46.5
EST,1999,35.7,47.1
EST,2000,35.7,47.9
EST,2001,35.5,47.7
EST,2002,35.2,47.6
EST,2003,35.1,47.9
EST,2004,34.6,47.9
EST,2005,34,47.4
EST,2006,33.4,46.9
EST,2007,32.4,46.3
EST,2008,32.1,46.2
EST,2009,32.1,46.5
EST,2010,32.3,47.2
EST,2011,32.7,47.4
EST,2012,33.1,47.7
EST,2013,33.7,48.4
EST,2014,33.5,48
EST,2015,33,47.5
EST,2016,32.6,47.2
ETH,1995,35.9,36.4
ETH,1996,35.2,35.6
ETH,1997,34.5,34.9
ETH,1998,33.7,34.1
ETH,1999,32.9,33.3
ETH,2000,32.4,32.9
ETH,2001,32.2,32.7
ETH,2002,32.1,32.5
ETH,2003,31.9,32.4
ETH,2004,31.8,32.2
ETH,2005,31.9,32.3
ETH,2006,32,32.5
ETH,2007,32.1,32.6
ETH,2008,32.2,32.7
ETH,2009,32.4,32.8
ETH,2010,32.5,32.9
ETH,2011,32.7,33.1
ETH,2012,32.9,33.3
ETH,2013,33.2,33.6
ETH,2014,33.4,33.9
ETH,2015,33.7,34.1
FJI,1977,42.3,43.9
FJI,1978,42.3,44
FJI,1979,42.3,44
FJI,1980,42.3,44
FJI,1981,42.3,44.1
FJI,1982,42.3,44.1
FJI,1983,42.3,44.2
FJI,1984,42.3,44.1
FJI,1985,42.4,44.2
FJI,1986,42.4,44.2
FJI,1987,42.4,44.2
FJI,1988,42.4,44.2
FJI,1989,42.4,44.2
FJI,1990,42.4,44.2
FJI,1991,42.4,44.3
FJI,1992,42.2,44.1
FJI,1993,42,43.9
FJI,1994,41.8,43.7
FJI,1995,41.7,43.4
FJI,1996,41.5,43.3
FJI,1997,41.3,43.1
FJI,1998,41.1,42.9
FJI,1999,40.9,42.7
FJI,2000,40.7,42.5
FJI,2001,40.5,42.3
FJI,2002,40.4,42.1
FJI,2003,40.1,41.8
FJI,2004,40.1,41.9
FJI,2005,40.3,42
FJI,2006,40.1,41.7
FJI,2007,39.9,41.5
FJI,2008,39.7,41.2
FJI,2009,39.3,40.8
FJI,2010,39.2,40.7
FJI,2011,39.1,40.5
FJI,2012,39,40.4
FJI,2013,38.9,40.3
FIN,1966,24.9,45
FIN,1967,24.6,44.7
FIN,1968,24.3,44.2
FIN,1969,24,43.9
FIN,1970,23.7,43.5
FIN,1971,23.4,43.1
FIN,1972,22.9,42.3
FIN,1973,22.4,41.6
FIN,1974,22,40.8
FIN,1975,21.5,40.1
FIN,1976,21.1,39.3
FIN,1977,21.1,39.1
FIN,1978,21.2,38.8
FIN,1979,21.3,38.6
FIN,1980,21.3,38.4
FIN,1981,20.7,38.2
FIN,1982,20.6,38.1
FIN,1983,20.5,38.1
FIN,1984,20.5,38.1
FIN,1985,20.5,38.1
FIN,1986,20.5,38.1
FIN,1987,20.6,38.7
FIN,1988,20.7,39.1
FIN,1989,20.9,39.5
FIN,1990,21,39.8
FIN,1991,21,40.5
FIN,1992,21.3,40.8
FIN,1993,21.9,41.8
FIN,1994,22.2,43
FIN,1995,22.2,44.9
FIN,1996,22.9,44.4
FIN,1997,23.5,44.9
FIN,1998,24.1,45.5
FIN,1999,24.5,46.1
FIN,2000,24.8,46.5
FIN,2001,24.9,46.7
FIN,2002,24.8,46.8
FIN,2003,25,46.9
FIN,2004,25.3,47.2
FIN,2005,25.4,47.4
FIN,2006,25.5,47.6
FIN,2007,25.7,47.3
FIN,2008,25.2,47.2
FIN,2009,25.1,47.2
FIN,2010,25.5,47.6
FIN,2011,25.3,47.7
FIN,2012,25.1,47.5
FIN,2013,25.5,47.9
FIN,2014,25.2,47.6
FIN,2015,25.3,47.7
FIN,2016,25.3,47.7
FRA,1962,27.9,48.8
FRA,1963,27.9,48.9
FRA,1964,27.9,48.9
FRA,1965,27.9,48.9
FRA,1966,28.1,48.7
FRA,1967,28.3,48.6
FRA,1968,28.5,48.6
FRA,1969,28.6,48.4
FRA,1970,28.8,48.3
FRA,1971,29,47.8
FRA,1972,29.2,47.3
FRA,1973,29.4,46.8
FRA,1974,29.6,46.3
FRA,1975,29.7,45.8
FRA,1976,29.9,45.7
FRA,1977,30.1,45.6
FRA,1978,30.3,45.4
FRA,1979,29.7,45.7
FRA,1980,30.3,46.4
FRA,1981,30.8,47.1
FRA,1982,31.3,47.8
FRA,1983,31.8,48.5
FRA,1984,32.3,49.2
FRA,1985,31.8,48.9
FRA,1986,31.2,48.7
FRA,1987,30.6,48.5
FRA,1988,30,48.3
FRA,1989,29.4,48.1
FRA,1990,28.8,47.6
FRA,1991,28.8,47.7
FRA,1992,28.7,47.7
FRA,1993,28.7,47.8
FRA,1994,28.7,47.9
FRA,1995,28.5,47.2
FRA,1996,28.3,46.4
FRA,1997,28.1,46.1
FRA,1998,28,46.2
FRA,1999,28,46.6
FRA,2000,27.9,47.3
FRA,2001,27.9,46.6
FRA,2002,27.9,46.3
FRA,2003,27.9,46.3
FRA,2004,27.9,46.5
FRA,2005,28,47.1
FRA,2006,28.1,46.9
FRA,2007,28.5,47
FRA,2008,28.9,47.3
FRA,2009,29.1,47.7
FRA,2010,29.4,48.4
FRA,2011,30,48.1
FRA,2012,30.1,47.8
FRA,2013,29.9,47.5
FRA,2014,29.8,47.2
FRA,2015,29.8,47.1
FRA,2016,29.8,46.9
GAB,2005,39.6,39.9
GAB,2006,39.5,39.9
GAB,2007,39.5,39.8
GAB,2008,39.4,39.8
GAB,2009,39.4,39.8
GAB,2010,39.3,39.7
GAB,2011,39.3,39.8
GAB,2012,39.3,39.7
GAB,2013,39.2,39.7
GAB,2014,39.2,39.7
GAB,2015,39.2,39.6
GAB,2016,39.1,39.6
GAB,2017,39,39.6
GMB,1992,45.5,46.1
GMB,1993,45.5,46
GMB,1994,45.5,46
GMB,1995,45.5,46
GMB,1996,45.5,46
GMB,1997,45.5,46
GMB,1998,45.5,46
GMB,1999,45.3,45.8
GMB,2000,45.1,45.6
GMB,2001,44.9,45.4
GMB,2002,44.7,45.2
GMB,2003,44.5,45.1
GMB,2004,44.3,44.8
GMB,2005,44,44.5
GMB,2006,43.7,44.1
GMB,2007,43.5,43.9
GMB,2008,43.2,43.6
GMB,2009,42.9,43.2
GMB,2010,42.6,42.9
GMB,2011,42.3,42.6
GMB,2012,42.1,42.4
GMB,2013,41.8,42.1
GMB,2014,41.6,41.8
GMB,2015,41.3,41.6
GEO,1988,30.7,40.2
GEO,1989,30.7,40.3
GEO,1990,31.2,40.6
GEO,1991,31.9,41
GEO,1992,32.6,41.3
GEO,1993,33.3,41.7
GEO,1994,34,42.1
GEO,1995,34.7,42.4
GEO,1996,35.4,42.8
GEO,1997,36.2,43.3
GEO,1998,36.8,43.7
GEO,1999,36.9,43.8
GEO,2000,37,44.1
GEO,2001,37.1,44.3
GEO,2002,37,44.5
GEO,2003,36.9,44.8
GEO,2004,37,45.2
GEO,2005,37.4,45.6
GEO,2006,37.8,46.1
GEO,2007,38.3,46.8
GEO,2008,38.8,47.4
GEO,2009,39.4,48.2
GEO,2010,40.2,49.1
GEO,2011,39.7,48.7
GEO,2012,39.3,48.3
GEO,2013,39,48.1
GEO,2014,38.6,47.8
GEO,2015,38.5,47.7
GEO,2016,38.6,47.8
GEO,2017,38.7,47.8
DEU,1960,28.3,41.6
DEU,1961,28.2,41.6
DEU,1962,28.2,41.6
DEU,1963,28.1,41.5
DEU,1964,28.1,41.5
DEU,1965,28.1,41.4
DEU,1966,28.1,41.2
DEU,1967,28.1,41
DEU,1968,28,40.9
DEU,1969,27.9,40.5
DEU,1970,27.9,40.2
DEU,1971,27.7,39.4
DEU,1972,27.4,38.7
DEU,1973,27.2,38
DEU,1974,27.5,38.6
DEU,1975,27.2,39.4
DEU,1976,26.8,40
DEU,1977,26.5,40.6
DEU,1978,26.3,41.2
DEU,1979,26,41.2
DEU,1980,25.9,41.2
DEU,1981,25.6,41.2
DEU,1982,25.7,41.4
DEU,1983,25.9,41.7
DEU,1984,25.5,42.4
DEU,1985,24.9,42.7
DEU,1986,24.7,43.1
DEU,1987,24.9,43.4
DEU,1988,24.8,43.4
DEU,1989,25.2,43.8
DEU,1990,25.4,44.1
DEU,1991,26,44.6
DEU,1992,25.9,45.1
DEU,1993,26,45.4
DEU,1994,26,45.8
DEU,1995,25.9,46.1
DEU,1996,25.7,46.1
DEU,1997,25.6,46.5
DEU,1998,25.7,46.9
DEU,1999,25.9,47.2
DEU,2000,26.2,47.9
DEU,2001,26.9,48.8
DEU,2002,27.1,49.4
DEU,2003,27.3,49.9
DEU,2004,27.6,50.3
DEU,2005,28.3,50.9
DEU,2006,28.5,51.1
DEU,2007,28.5,51.1
DEU,2008,28.6,51.1
DEU,2009,28.6,51.1
DEU,2010,28.7,51.2
DEU,2011,28.7,51.3
DEU,2012,28.9,51.8
DEU,2013,29,52
DEU,2014,29.1,52.1
DEU,2015,29.2,52.2
DEU,2016,29.1,52.1
GHA,1987,37.2,37.6
GHA,1988,37.3,37.7
GHA,1989,37.4,37.8
GHA,1990,37.5,38
GHA,1991,37.7,38.2
GHA,1992,37.9,38.4
GHA,1993,38.2,38.7
GHA,1994,38.4,38.9
GHA,1995,38.5,39.2
GHA,1996,38.7,39.4
GHA,1997,38.9,39.6
GHA,1998,39.1,39.8
GHA,1999,39.3,40
GHA,2000,39.5,40.2
GHA,2001,39.7,40.5
GHA,2002,39.9,40.8
GHA,2003,40.1,41.1
GHA,2004,40.3,41.4
GHA,2005,40.5,41.7
GHA,2006,40.6,41.9
GHA,2007,40.7,42
GHA,2008,40.8,42.2
GHA,2009,40.9,42.3
GHA,2010,41,42.5
GHA,2011,41.1,42.6
GHA,2012,41.3,42.8
GHA,2013,41.3,43
GRC,1974,38.3,43.9
GRC,1975,37.9,44
GRC,1976,37.5,44.1
GRC,1977,37.2,44.2
GRC,1978,36.8,44.2
GRC,1979,36.4,44.2
GRC,1980,36,44.2
GRC,1981,35.6,44.3
GRC,1982,35.2,44.4
GRC,1983,34.9,44.3
GRC,1984,34.7,44.2
GRC,1985,34.4,44.2
GRC,1986,34.2,44.1
GRC,1987,34,44.2
GRC,1988,33.8,44.4
GRC,1989,33.8,44.7
GRC,1990,33.9,44.9
GRC,1991,34,45.3
GRC,1992,34.1,45.5
GRC,1993,34.2,45.8
GRC,1994,34.3,46.1
GRC,1995,34.5,46.5
GRC,1996,34.4,46.9
GRC,1997,34.2,47.1
GRC,1998,34,47.1
GRC,1999,33.9,47.1
GRC,2000,33.7,47.2
GRC,2001,33.5,47.4
GRC,2002,33.3,47.6
GRC,2003,33,47.6
GRC,2004,33.1,47.7
GRC,2005,33.1,48.3
GRC,2006,33.2,48.6
GRC,2007,33,48.7
GRC,2008,32.9,48.9
GRC,2009,32.9,49.3
GRC,2010,33.2,50.1
GRC,2011,33.6,50.6
GRC,2012,33.8,51.2
GRC,2013,33.7,52
GRC,2014,33.8,51.7
GRC,2015,33.8,51.5
GRC,2016,33.5,51.3
GRD,1999,44,41.2
GRD,2000,43.9,41.2
GRD,2001,43.8,41.2
GRD,2002,43.7,41.2
GRD,2003,43.6,41.2
GRD,2004,43.5,41.1
GRD,2005,43.4,41.1
GRD,2006,43.3,41.1
GRD,2007,43.2,41
GRD,2008,43.1,41
GTM,1981,50,53.5
GTM,1982,50.1,53.7
GTM,1983,50.3,53.9
GTM,1984,50.4,54.1
GTM,1985,50.6,54.2
GTM,1986,50.8,54.3
GTM,1987,50.8,54.3
GTM,1988,50.9,54.4
GTM,1989,51,54.5
GTM,1990,50.9,54.4
GTM,1991,50.8,54.3
GTM,1992,50.7,54.2
GTM,1993,50.7,54.1
GTM,1994,50.6,54
GTM,1995,50.5,53.9
GTM,1996,50.5,53.7
GTM,1997,50.4,53.6
GTM,1998,50.3,53.5
GTM,1999,50.2,53.5
GTM,2000,50.1,53.3
GTM,2001,49.9,52.9
GTM,2002,49.7,52.5
GTM,2003,49,51.9
GTM,2004,48.2,51.2
GTM,2005,47.9,50.5
GTM,2006,47.6,49.8
GTM,2007,47.4,49.5
GTM,2008,47.2,49.2
GTM,2009,47,48.9
GTM,2010,46.8,48.5
GTM,2011,46.4,48.1
GTM,2012,45.2,46.8
GTM,2013,43.9,45.7
GTM,2014,42.7,44.5
GIN,1991,43.2,43.9
GIN,1992,43.2,43.9
GIN,1993,43.1,43.8
GIN,1994,43.2,43.9
GIN,1995,43,43.7
GIN,1996,42.6,43.4
GIN,1997,42.3,43.1
GIN,1998,42,42.8
GIN,1999,41.7,42.5
GIN,2000,41.4,42.1
GIN,2001,41,41.8
GIN,2002,40.7,41.4
GIN,2003,40.1,40.9
GIN,2004,39.6,40.3
GIN,2005,39,39.8
GIN,2006,38.5,39.2
GIN,2007,38,38.6
GIN,2008,37.6,38.3
GIN,2009,37.3,37.9
GIN,2010,36.9,37.5
GIN,2011,36.5,37
GIN,2012,36.1,36.6
GNB,1993,40.1,40.7
GNB,1994,40.1,40.6
GNB,1995,40,40.5
GNB,1996,39.9,40.4
GNB,1997,39.8,40.3
GNB,1998,39.7,40.2
GNB,1999,39.5,40.1
GNB,2000,39.5,40
GNB,2001,39.4,39.9
GNB,2002,39.3,39.8
GNB,2003,39.8,40.4
GNB,2004,40.3,40.8
GNB,2005,40.7,41.4
GNB,2006,41.4,42
GNB,2007,42,42.7
GNB,2008,42.6,43.3
GNB,2009,43.2,43.9
GNB,2010,43.7,44.6
GUY,1992,45,46.8
GUY,1993,45.2,46.9
GUY,1994,45.2,47.1
GUY,1995,45.2,47.2
GUY,1996,45.2,47.3
GUY,1997,45.3,47.5
GUY,1998,45.3,47.6
GUY,1999,45.5,47.6
GUY,2000,45.7,47.7
GUY,2001,45.8,47.8
GUY,2002,45.9,47.9
GUY,2003,46.1,48
GUY,2004,46.2,48.1
GUY,2005,46.3,48.1
GUY,2006,46.5,48.2
GUY,2007,46.6,48.3
HTI,2001,52.8,58.4
HTI,2002,52.8,58.3
HTI,2003,52.9,58.4
HTI,2004,52.9,58.3
HTI,2005,53,58.3
HTI,2006,53,58.3
HTI,2007,53,58.3
HTI,2008,53,58.3
HTI,2009,53.1,58.3
HTI,2010,53.1,58.3
HTI,2011,53.2,58.3
HTI,2012,53.2,58.3
HND,1988,49,49.2
HND,1989,49.1,49.2
HND,1990,49,49.2
HND,1991,48.7,49.1
HND,1992,48.7,49
HND,1993,48.8,49.1
HND,1994,49.1,49.2
HND,1995,49.2,49.2
HND,1996,49.2,49.3
HND,1997,49.1,49.3
HND,1998,49.2,49.4
HND,1999,49.5,49.6
HND,2000,50.1,50
HND,2001,50.8,50.4
HND,2002,51.4,50.8
HND,2003,51.9,51
HND,2004,52.2,51.2
HND,2005,52.3,51.2
HND,2006,52,51
HND,2007,51.4,50.7
HND,2008,50.8,50.3
HND,2009,50.1,49.9
HND,2010,49.9,49.7
HND,2011,49.8,49.6
HND,2012,49.5,49.2
HND,2013,48.7,48.8
HND,2014,48,48.4
HND,2015,47.4,48.1
HND,2016,47.3,47.9
HKG,1964,37,41
HKG,1965,37,41
HKG,1966,37,41.1
HKG,1967,37,41.2
HKG,1968,36.9,41.2
HKG,1969,36.9,41.3
HKG,1970,36.8,41.2
HKG,1971,36.8,41.2
HKG,1972,36.8,41.3
HKG,1973,36.8,41.4
HKG,1974,36.8,41.4
HKG,1975,36.8,41.5
HKG,1976,36.9,41.6
HKG,1977,36.9,41.7
HKG,1978,37,41.8
HKG,1979,37.1,42
HKG,1980,37.2,42.1
HKG,1981,37.3,42.3
HKG,1982,37.4,42.4
HKG,1983,37.6,42.6
HKG,1984,37.7,42.7
HKG,1985,37.8,42.8
HKG,1986,37.8,43
HKG,1987,38.1,43.1
HKG,1988,38.2,43.3
HKG,1989,38.4,43.5
HKG,1990,38.6,43.8
HKG,1991,38.8,44
HKG,1992,39,44.2
HKG,1993,39.2,44.4
HKG,1994,39.4,44.6
HKG,1995,39.5,44.8
HKG,1996,39.7,45
HKG,1997,39.9,45.1
HKG,1998,40,45.2
HKG,1999,40.1,45.3
HKG,2000,40.2,45.5
HKG,2001,40.3,45.6
HKG,2002,40.4,45.7
HKG,2003,40.5,45.8
HKG,2004,40.6,45.8
HKG,2005,40.6,45.9
HKG,2006,40.7,46
HKG,2007,40.7,46.1
HKG,2008,40.8,46.1
HKG,2009,40.8,46.2
HKG,2010,40.8,46.3
HKG,2011,40.8,46.3
HKG,2012,40.8,46.3
HKG,2013,40.9,46.3
HKG,2014,40.8,46.4
HKG,2015,40.8,46.5
HKG,2016,40.8,46.4
HUN,1962,24.8,28.9
HUN,1963,24.5,28.9
HUN,1964,24.2,28.9
HUN,1965,24,28.8
HUN,1966,23.8,28.8
HUN,1967,23.6,28.7
HUN,1968,23.4,28.8
HUN,1969,23.3,28.9
HUN,1970,23.3,28.9
HUN,1971,23.1,28.9
HUN,1972,23,29
HUN,1973,22.9,29.2
HUN,1974,22.7,29.4
HUN,1975,22.6,29.6
HUN,1976,22.4,29.7
HUN,1977,22.3,29.9
HUN,1978,22.2,30.3
HUN,1979,22.2,30.6
HUN,1980,22.1,30.9
HUN,1981,22,31.2
HUN,1982,22,31.5
HUN,1983,22,32.1
HUN,1984,22.1,32.6
HUN,1985,22.2,33.2
HUN,1986,22.3,33.7
HUN,1987,22.3,34.2
HUN,1988,22.6,35.6
HUN,1989,23.1,37.2
HUN,1990,24.5,39.5
HUN,1991,26,42
HUN,1992,26.7,43.4
HUN,1993,27.1,44.2
HUN,1994,28,45.8
HUN,1995,28.2,46
HUN,1996,28.3,45.9
HUN,1997,28.3,46.4
HUN,1998,28.5,47
HUN,1999,28.6,47.9
HUN,2000,28.6,48
HUN,2001,28.5,48
HUN,2002,28.6,48.4
HUN,2003,28.6,49.2
HUN,2004,28.3,49.8
HUN,2005,27.9,50
HUN,2006,27.4,49.8
HUN,2007,27,49.9
HUN,2008,26.7,49.9
HUN,2009,27,50.5
HUN,2010,27.2,50.6
HUN,2011,27.5,50.8
HUN,2012,27.8,51.1
HUN,2013,28,51
HUN,2014,27.9,50.6
HUN,2015,27.7,50.4
HUN,2016,27.9,50.7
HUN,2017,28,50.8
ISL,1992,27.5,39
ISL,1993,27.4,39.1
ISL,1994,27.4,39.2
ISL,1995,27.7,39.5
ISL,1996,28.2,39.8
ISL,1997,28.7,40.1
ISL,1998,29.2,40.4
ISL,1999,29.6,40.7
ISL,2000,30.1,40.8
ISL,2001,30.3,40.8
ISL,2002,30.2,40.6
ISL,2003,29.5,40
ISL,2004,28.8,39.2
ISL,2005,29,39.5
ISL,2006,29.2,39.5
ISL,2007,28.6,38.9
ISL,2008,28.5,38.9
ISL,2009,27.1,38.4
ISL,2010,26,38.1
ISL,2011,25.5,37.3
ISL,2012,25.1,36.7
ISL,2013,24.8,36.3
ISL,2014,24.8,36.2
ISL,2015,24.8,36.1
IND,1973,38.1,39.1
IND,1974,38,39.1
IND,1975,38,39.1
IND,1976,37.9,39.2
IND,1977,37.8,39.2
IND,1978,37.8,39.3
IND,1979,37.7,39.3
IND,1980,37.7,39.3
IND,1981,37.7,39.3
IND,1982,37.6,39.3
IND,1983,37.6,39.4
IND,1984,37.6,39.4
IND,1985,37.7,39.5
IND,1986,37.7,39.5
IND,1987,37.8,39.6
IND,1988,37.7,39.6
IND,1989,37.6,39.7
IND,1990,37.6,39.8
IND,1991,37.6,40
IND,1992,37.8,40.3
IND,1993,38,40.5
IND,1994,38.4,40.9
IND,1995,38.9,41.4
IND,1996,39.3,41.9
IND,1997,39.9,42.5
IND,1998,40.3,43.1
IND,1999,40.7,43.6
IND,2000,41.1,44.2
IND,2001,42.4,45
IND,2002,43.7,45.9
IND,2003,45.1,46.8
IND,2004,46.4,47.7
IND,2005,46.1,47.7
IND,2006,46.1,48
IND,2007,46.1,48.2
IND,2008,46.4,48.5
IND,2009,46.6,48.7
IND,2010,46.9,49
IND,2011,47.5,49.5
IND,2012,47.3,49.4
IDN,1965,41.6,35.4
IDN,1966,41.7,35.5
IDN,1967,41.8,35.5
IDN,1968,41.8,35.5
IDN,1969,41.9,35.5
IDN,1970,41.9,35.5
IDN,1971,42,35.6
IDN,1972,42,35.8
IDN,1973,42.1,35.9
IDN,1974,42.1,36
IDN,1975,42.2,36.1
IDN,1976,42.2,36.2
IDN,1977,42.4,36.4
IDN,1978,42.5,36.6
IDN,1979,42.3,36.6
IDN,1980,42.1,36.6
IDN,1981,41.9,36.6
IDN,1982,41.7,36.8
IDN,1983,41.5,36.8
IDN,1984,41.3,36.8
IDN,1985,41.4,36.8
IDN,1986,41.5,36.8
IDN,1987,41.6,37
IDN,1988,41.9,37.4
IDN,1989,42.2,37.7
IDN,1990,42.5,38.1
IDN,1991,42.8,38.2
IDN,1992,43,38.2
IDN,1993,43.3,38.3
IDN,1994,43.5,38.4
IDN,1995,43.7,38.6
IDN,1996,43.8,38.6
IDN,1997,43.5,38.4
IDN,1998,43.3,38.2
IDN,1999,43,38
IDN,2000,42.9,38
IDN,2001,42.9,38
IDN,2002,42.8,37.8
IDN,2003,43.1,38.2
IDN,2004,43.4,38.4
IDN,2005,43.6,38.7
IDN,2006,43.9,38.9
IDN,2007,44.1,39.2
IDN,2008,44.4,39.5
IDN,2009,44.9,39.7
IDN,2010,45.5,39.9
IDN,2011,46.1,40.2
IDN,2012,46.5,40.4
IDN,2013,46.9,40.6
IDN,2014,47.1,40.7
IDN,2015,47.2,40.8
IDN,2016,47.3,40.7
IDN,2017,47.3,40.7
IRN,1969,45.1,48.3
IRN,1970,45.3,48.6
IRN,1971,45.5,48.7
IRN,1972,45.7,48.9
IRN,1973,46,49.2
IRN,1974,46.3,49.5
IRN,1975,46.6,49.7
IRN,1976,46.9,49.9
IRN,1977,47.1,50
IRN,1978,47.3,50.2
IRN,1979,47.4,50.2
IRN,1980,47.1,50.2
IRN,1981,46.6,49.8
IRN,1982,46,49.5
IRN,1983,45.4,49
IRN,1984,44.8,48.7
IRN,1985,44.4,48.4
IRN,1986,44.1,48.2
IRN,1987,43.7,47.9
IRN,1988,43.2,47.6
IRN,1989,43,47.4
IRN,1990,43,47.2
IRN,1991,43.1,47.2
IRN,1992,43,47
IRN,1993,42.7,46.8
IRN,1994,42.4,46.5
IRN,1995,42.3,46.3
IRN,1996,42.2,46.2
IRN,1997,42.1,46
IRN,1998,42.1,45.9
IRN,1999,42.1,45.8
IRN,2000,42,45.6
IRN,2001,41.9,45.4
IRN,2002,41.6,45.1
IRN,2003,41.3,44.8
IRN,2004,41,44.5
IRN,2005,40.6,44.2
IRN,2006,40.3,43.9
IRN,2007,39.8,43.5
IRN,2008,39.3,43
IRN,2009,38.7,42.6
IRN,2010,38,42.1
IRN,2011,37.3,41.7
IRN,2012,36.7,41.3
IRN,2013,36.5,41.1
IRN,2014,36.5,41.1
IRQ,2006,30.7,31.7
IRQ,2007,30.7,31.8
IRQ,2008,30.6,31.6
IRQ,2009,30.4,31.4
IRQ,2010,30.2,31.3
IRQ,2011,30.1,31.1
IRQ,2012,30,30.9
IRQ,2013,29.9,30.8
IRQ,2014,29.8,30.7
IRL,1973,29.2,39.8
IRL,1974,29.5,40.3
IRL,1975,29.7,40.8
IRL,1976,29.9,41.3
IRL,1977,30.1,41.8
IRL,1978,30.3,42.3
IRL,1979,30.5,42.8
IRL,1980,30.7,43.3
IRL,1981,31,44.1
IRL,1982,31.2,44.8
IRL,1983,31.5,45.6
IRL,1984,31.7,46.3
IRL,1985,32,47.1
IRL,1986,32.2,47.8
IRL,1987,32.5,48.5
IRL,1988,32.5,48.7
IRL,1989,32.5,48.8
IRL,1990,32.6,48.9
IRL,1991,32.6,49
IRL,1992,32.7,49.2
IRL,1993,32.7,49.2
IRL,1994,32.8,49.4
IRL,1995,32.7,49.2
IRL,1996,32.5,49.1
IRL,1997,32.4,49.1
IRL,1998,32.1,49
IRL,1999,31.7,48.7
IRL,2000,31.3,48.6
IRL,2001,30.9,48.7
IRL,2002,30.7,49.3
IRL,2003,30.5,49.8
IRL,2004,30.5,50.1
IRL,2005,30.2,50.6
IRL,2006,30,50.7
IRL,2007,29.8,50.7
IRL,2008,29.5,50.7
IRL,2009,29.8,51.4
IRL,2010,29.9,52.2
IRL,2011,30.1,51.9
IRL,2012,30.4,51.8
IRL,2013,30.3,51.6
IRL,2014,30,51.2
IRL,2015,29.7,50.8
IRL,2016,29.6,50.7
IRL,2017,29.7,50.7
ISR,1979,30.5,42.8
ISR,1980,30.7,43
ISR,1981,30.7,43.1
ISR,1982,30.8,43.4
ISR,1983,30.8,43.7
ISR,1984,31.2,44.1
ISR,1985,31.3,44.7
ISR,1986,31.2,45.5
ISR,1987,31.3,45.2
ISR,1988,31.4,45.1
ISR,1989,31.6,45.1
ISR,1990,31.7,45.4
ISR,1991,31.6,45.9
ISR,1992,31.4,46.5
ISR,1993,31.9,46.9
ISR,1994,32.4,47.4
ISR,1995,32.8,47.8
ISR,1996,33.2,48.5
ISR,1997,33.5,49.3
ISR,1998,33.9,49.7
ISR,1999,34.2,50.3
ISR,2000,34.6,50.9
ISR,2001,34.9,51.7
ISR,2002,35.3,51.6
ISR,2003,35.7,51.5
ISR,2004,36.1,51.5
ISR,2005,36.4,51.4
ISR,2006,36.5,51.1
ISR,2007,36.7,50.8
ISR,2008,36.6,50.3
ISR,2009,36.7,50
ISR,2010,36.9,49.9
ISR,2011,36.9,49.4
ISR,2012,36.7,49
ISR,2013,36.4,48.3
ISR,2014,36.2,47.8
ISR,2015,35.7,47.5
ISR,2016,35.3,47.2
ITA,1967,38,52.5
ITA,1968,38,52.5
ITA,1969,37.9,52.4
ITA,1970,37.6,52.3
ITA,1971,37.4,52
ITA,1972,37.1,51.6
ITA,1973,36.7,51.1
ITA,1974,36.2,50.4
ITA,1975,35.5,49.6
ITA,1976,34.9,48.8
ITA,1977,34.3,48
ITA,1978,33.6,47.1
ITA,1979,33.1,46.4
ITA,1980,32.4,45.4
ITA,1981,31.7,44.5
ITA,1982,31.1,43.6
ITA,1983,30.8,43
ITA,1984,30.6,42.6
ITA,1985,31.7,42.9
ITA,1986,31.7,43.2
ITA,1987,32.3,43.8
ITA,1988,32.6,43.7
ITA,1989,31.5,43.6
ITA,1990,31.2,43.7
ITA,1991,31,43.8
ITA,1992,31.9,44.8
ITA,1993,32.8,45.8
ITA,1994,33,46.2
ITA,1995,33.2,46.7
ITA,1996,33.1,46.7
ITA,1997,33.2,46.8
ITA,1998,33.3,47.1
ITA,1999,33.2,47
ITA,2000,33.3,47.1
ITA,2001,33.4,47.1
ITA,2002,33.2,47.2
ITA,2003,33.2,47.5
ITA,2004,33.1,47.7
ITA,2005,33,47.2
ITA,2006,33,47
ITA,2007,32.8,46.9
ITA,2008,32.8,47.2
ITA,2009,33,47.4
ITA,2010,33.1,47.9
ITA,2011,33.6,48.1
ITA,2012,33.8,48.4
ITA,2013,33.8,48.6
ITA,2014,33.6,49
ITA,2015,33.7,49
ITA,2016,33.7,48.9
JAM,1988,41.7,41.6
JAM,1989,41.6,41.5
JAM,1990,41.6,41.6
JAM,1991,41.5,41.6
JAM,1992,41.3,41.5
JAM,1993,41.3,41.4
JAM,1994,41.3,41.5
JAM,1995,41.3,41.5
JAM,1996,41.5,41.6
JAM,1997,41.6,41.8
JAM,1998,41.7,41.9
JAM,1999,41.9,42
JAM,2000,41.9,42
JAM,2001,42,42
JAM,2002,42.1,42.1
JAM,2003,41.9,42
JAM,2004,41.8,42
JAM,2005,41.6,41.8
JAM,2006,41.3,41.7
JAM,2007,41.1,41.5
JAM,2008,41,41.4
JAM,2009,40.9,41.3
JAM,2010,40.9,41.3
JAM,2011,40.9,41.3
JAM,2012,40.8,41.3
JAM,2013,40.8,41.3
JAM,2014,40.6,41.2
JAM,2015,40.6,41.2
JPN,1961,25.6,35.6
JPN,1962,25.4,35.5
JPN,1963,25.1,35.4
JPN,1964,24.9,35.3
JPN,1965,24.8,35.3
JPN,1966,24.8,35.4
JPN,1967,24.8,35.4
JPN,1968,24.8,35.5
JPN,1969,24.9,35.5
JPN,1970,25,35.5
JPN,1971,24.8,35.4
JPN,1972,24.6,35.3
JPN,1973,24.5,35.3
JPN,1974,24.5,35.2
JPN,1975,24.5,35.1
JPN,1976,24.4,35
JPN,1977,24.3,34.9
JPN,1978,24.3,34.8
JPN,1979,24.3,34.7
JPN,1980,24.6,34.8
JPN,1981,25,34.9
JPN,1982,25.4,35
JPN,1983,25.8,35.1
JPN,1984,26.4,35.3
JPN,1985,26.6,35.5
JPN,1986,26.9,35.7
JPN,1987,27.4,35.9
JPN,1988,27.6,36
JPN,1989,27.9,36.2
JPN,1990,28.4,36.3
JPN,1991,28.6,36.7
JPN,1992,28.9,37.2
JPN,1993,29,37.4
JPN,1994,29.3,37.7
JPN,1995,29.7,38.2
JPN,1996,30.1,38.5
JPN,1997,30.3,38.8
JPN,1998,30.6,39.1
JPN,1999,30.9,39.4
JPN,2000,31.1,39.6
JPN,2001,31.1,39.8
JPN,2002,31.1,40
JPN,2003,30.7,40
JPN,2004,30,39.9
JPN,2005,29.9,40.1
JPN,2006,29.9,40.5
JPN,2007,29.9,41.2
JPN,2008,30.5,42.1
JPN,2009,31.3,42
JPN,2010,31.6,42.1
JPN,2011,31.8,42.1
JPN,2012,31.9,42.1
JPN,2013,31.7,42
JPN,2014,31.4,41.9
JPN,2015,31.7,42
JOR,1986,37.2,38.1
JOR,1987,37.3,38.2
JOR,1988,37.5,38.5
JOR,1989,37.8,38.8
JOR,1990,38,39
JOR,1991,38.3,39.3
JOR,1992,38.6,39.5
JOR,1993,38.4,39.3
JOR,1994,38.2,39
JOR,1995,38,38.9
JOR,1996,37.7,38.7
JOR,1997,37.5,38.4
JOR,1998,37.4,38.3
JOR,1999,37.2,38.1
JOR,2000,37.1,38
JOR,2001,36.9,37.8
JOR,2002,36.8,37.7
JOR,2003,36.4,37.3
JOR,2004,36.1,36.9
JOR,2005,35.8,36.6
JOR,2006,35.4,36.2
JOR,2007,35.1,35.9
JOR,2008,34.8,35.6
JOR,2009,34.7,35.5
JOR,2010,34.6,35.5
JOR,2011,34.6,35.5
JOR,2012,34.6,35.5
JOR,2013,34.7,35.5
JOR,2014,34.8,35.6
KAZ,1988,27.2,31.6
KAZ,1989,27.5,32
KAZ,1990,28,32.5
KAZ,1991,28.6,33.3
KAZ,1992,29.1,34.1
KAZ,1993,29.7,34.9
KAZ,1994,30.1,35.8
KAZ,1995,30.4,36.7
KAZ,1996,30.8,37.6
KAZ,1997,30.8,38.1
KAZ,1998,30.8,38.5
KAZ,1999,30.8,38.9
KAZ,2000,30.8,39.3
KAZ,2001,30.8,39.7
KAZ,2002,30.1,39.6
KAZ,2003,29.8,39.4
KAZ,2004,29.4,39.2
KAZ,2005,29.2,38.9
KAZ,2006,28.5,38.3
KAZ,2007,27.8,37.7
KAZ,2008,27,37
KAZ,2009,26.4,36.4
KAZ,2010,26.1,36.1
KAZ,2011,26,35.8
KAZ,2012,25.9,35.5
KAZ,2013,25.6,35.2
KAZ,2014,25.5,35.1
KAZ,2015,25.4,34.9
KAZ,2016,25.5,34.9
KEN,1976,49.5,51.6
KEN,1977,49.4,51.4
KEN,1978,49.2,51.2
KEN,1979,49.1,51
KEN,1980,48.9,50.8
KEN,1981,48.7,50.5
KEN,1982,48.6,50.3
KEN,1983,48.4,50.1
KEN,1984,48.2,49.8
KEN,1985,48,49.6
KEN,1986,47.9,49.5
KEN,1987,47.7,49.3
KEN,1988,47.5,49
KEN,1989,47.4,48.8
KEN,1990,47.2,48.6
KEN,1991,47,48.3
KEN,1992,46.9,48.2
KEN,1993,46.4,47.6
KEN,1994,46,47
KEN,1995,45.9,46.8
KEN,1996,45.7,46.6
KEN,1997,45.6,46.5
KEN,1998,45.5,46.5
KEN,1999,45.3,46.4
KEN,2000,45.2,46.4
KEN,2001,45.1,46.4
KEN,2002,45.1,46.3
KEN,2003,45,46.2
KEN,2004,44.9,46.2
KEN,2005,44.9,46.1
KEN,2006,44.7,45.9
KEN,2007,44.5,45.8
KEN,2008,44.3,45.7
KEN,2009,44.2,45.6
KEN,2010,44.1,45.5
KEN,2011,44,45.4
KEN,2012,43.8,45.2
KEN,2013,43.7,45.1
KEN,2014,43.6,45
KEN,2015,43.5,44.8
KIR,2006,38.4,38.8
KOR,1965,29.6,36.1
KOR,1966,29.6,36.1
KOR,1967,29.6,36.1
KOR,1968,29.5,36.1
KOR,1969,29.5,36.1
KOR,1970,29.5,36.1
KOR,1971,29.6,36.2
KOR,1972,29.6,36.3
KOR,1973,29.7,36.4
KOR,1974,29.8,36.4
KOR,1975,29.9,36.5
KOR,1976,30,36.6
KOR,1977,29.9,36.7
KOR,1978,29.8,36.7
KOR,1979,29.7,36.8
KOR,1980,29.6,36.8
KOR,1981,29.3,36.7
KOR,1982,29,36.7
KOR,1983,28.8,36.7
KOR,1984,28.5,36.3
KOR,1985,28.2,36
KOR,1986,27.9,35.6
KOR,1987,27.7,35
KOR,1988,27.5,34.4
KOR,1989,27.4,33.6
KOR,1990,27.2,32.7
KOR,1991,26.9,32
KOR,1992,26.7,31.6
KOR,1993,26.7,31.5
KOR,1994,26.7,31.6
KOR,1995,27,31.8
KOR,1996,27.3,32.3
KOR,1997,27.7,32.8
KOR,1998,28.3,33.6
KOR,1999,28.6,34
KOR,2000,28.7,33.8
KOR,2001,28.9,33.9
KOR,2002,29.1,33.8
KOR,2003,29.3,33.7
KOR,2004,29.6,33.7
KOR,2005,30,33.7
KOR,2006,30.5,33.5
KOR,2007,30.9,34.2
KOR,2008,31.2,34.4
KOR,2009,31.1,34.6
KOR,2010,31,34.3
KOR,2011,30.9,34.3
KOR,2012,30.6,34.2
KOR,2013,30.4,34.5
KOR,2014,30.3,34.6
KOR,2015,30.2,34.5
KOR,2016,30.4,34.7
KWT,1998,32.6,33.5
KGZ,1988,28.5,33.6
KGZ,1989,28.5,33.7
KGZ,1990,28.9,34.3
KGZ,1991,29.5,34.9
KGZ,1992,30.3,35.9
KGZ,1993,32.3,37.4
KGZ,1994,34.4,39
KGZ,1995,35.5,39.8
KGZ,1996,36.8,40.8
KGZ,1997,37.7,41.2
KGZ,1998,37.8,41.1
KGZ,1999,37.1,40.4
KGZ,2000,36.3,39.7
KGZ,2001,35.6,39
KGZ,2002,35,38.5
KGZ,2003,34.9,38.3
KGZ,2004,35.5,38.6
KGZ,2005,35.9,38.9
KGZ,2006,36,38.9
KGZ,2007,35.6,38.7
KGZ,2008,34.9,38.3
KGZ,2009,34.6,38.2
KGZ,2010,34,38
KGZ,2011,33.7,37.9
KGZ,2012,33.7,38
KGZ,2013,33.7,38.1
KGZ,2014,33.6,38
KGZ,2015,33.5,37.9
KGZ,2016,33.4,37.8
KGZ,2017,33.4,37.9
LAO,1992,33,33.8
LAO,1993,33.2,34
LAO,1994,33.4,34.2
LAO,1995,33.6,34.3
LAO,1996,33.8,34.5
LAO,1997,33.9,34.8
LAO,1998,34,34.7
LAO,1999,34,34.7
LAO,2000,34,34.8
LAO,2001,34,34.8
LAO,2002,34,34.8
LAO,2003,34.1,34.9
LAO,2004,34.3,35.1
LAO,2005,34.5,35.2
LAO,2006,34.6,35.5
LAO,2007,34.8,35.6
LAO,2008,34.9,35.7
LAO,2009,35,35.8
LAO,2010,35.1,36
LAO,2011,35.2,36.1
LAO,2012,35.3,36.2
LAO,2013,35.4,36.2
LVA,1988,26.9,40.9
LVA,1989,26.8,40.9
LVA,1990,27,41.2
LVA,1991,27.3,41.5
LVA,1992,27.6,41.8
LVA,1993,28.1,42.2
LVA,1994,28.8,42.6
LVA,1995,29.6,43.1
LVA,1996,30.3,43.6
LVA,1997,31,44.1
LVA,1998,31.6,44.6
LVA,1999,32.2,45
LVA,2000,32.8,45.5
LVA,2001,33.4,46
LVA,2002,34,46.4
LVA,2003,34.6,46.9
LVA,2004,35.1,47.2
LVA,2005,35.5,47.5
LVA,2006,35.5,47.7
LVA,2007,35.7,47.9
LVA,2008,35.8,48
LVA,2009,35.8,48.1
LVA,2010,35.7,48.1
LVA,2011,35.6,48.1
LVA,2012,35.5,48.1
LVA,2013,35.4,48
LVA,2014,35.2,47.9
LVA,2015,35.2,47.9
LVA,2016,35.1,47.9
LVA,2017,35.2,47.9
LBN,1995,38.3,39.2
LBN,1996,38.1,39
LBN,1997,38,38.8
LBN,1998,37.8,38.6
LBN,1999,37.6,38.4
LBN,2000,37.4,38.2
LBN,2001,37.2,38
LBN,2002,36.9,37.8
LBN,2003,36.7,37.6
LBN,2004,36.5,37.4
LBN,2005,36.2,37.2
LBN,2006,36,36.9
LBN,2007,35.7,36.6
LBN,2008,35.4,36.3
LBN,2009,35.1,36
LBN,2010,34.8,35.7
LBN,2011,34.5,35.4
LBN,2012,34.4,35.3
LSO,1986,54.3,57.7
LSO,1987,54.5,57.9
LSO,1988,54.4,57.9
LSO,1989,54.3,57.8
LSO,1990,54.2,57.8
LSO,1991,54.2,57.7
LSO,1992,54,57.6
LSO,1993,54,57.6
LSO,1994,53.9,57.5
LSO,1995,53.7,57.3
LSO,1996,53.4,57
LSO,1997,53.1,56.7
LSO,1998,52.9,56.4
LSO,1999,52.7,56.2
LSO,2000,52.4,55.9
LSO,2001,52.2,55.6
LSO,2002,52,55.4
LSO,2003,52,55.3
LSO,2004,51.9,55.3
LSO,2005,51.9,55.3
LSO,2006,51.9,55.3
LSO,2007,51.9,55.4
LSO,2008,51.9,55.4
LSO,2009,52,55.4
LSO,2010,52,55.5
LBR,2005,36.1,36.4
LBR,2006,36.1,36.3
LBR,2007,35.9,36.2
LBR,2008,35.7,36.1
LBR,2009,35.6,35.9
LBR,2010,35.5,35.8
LBR,2011,35.4,35.7
LBR,2012,35.3,35.5
LBR,2013,35.1,35.3
LBR,2014,35,35.2
LBY,2003,31.9,32.9
LTU,1988,26.2,37.5
LTU,1989,26.7,37.8
LTU,1990,27.3,38.2
LTU,1991,28.2,38.7
LTU,1992,29.1,39.2
LTU,1993,30,39.6
LTU,1994,30.8,40
LTU,1995,31.2,40.2
LTU,1996,31.5,40.5
LTU,1997,31.6,40.7
LTU,1998,31.8,41.1
LTU,1999,32,41.6
LTU,2000,32.2,42.1
LTU,2001,32.4,42.7
LTU,2002,32.6,43.3
LTU,2003,32.9,44.1
LTU,2004,33.4,45.1
LTU,2005,33.4,45.9
LTU,2006,33.2,46.5
LTU,2007,33.3,47.2
LTU,2008,33.8,48.1
LTU,2009,34,48.9
LTU,2010,33.5,49.7
LTU,2011,33.5,49.5
LTU,2012,34.1,49.7
LTU,2013,34.6,50.1
LTU,2014,35.1,50.2
LTU,2015,35.2,50.3
LTU,2016,35.3,50.3
LUX,1985,23.8,38.5
LUX,1986,24,38.9
LUX,1987,24,39
LUX,1988,24,39.1
LUX,1989,24.1,39
LUX,1990,24.1,39.2
LUX,1991,24.1,39.2
LUX,1992,24.2,39.5
LUX,1993,24.4,39.8
LUX,1994,24.5,40.1
LUX,1995,25.1,40.7
LUX,1996,25.5,41.4
LUX,1997,25.8,41.9
LUX,1998,25.9,42.1
LUX,1999,26.1,42.3
LUX,2000,26.2,42.7
LUX,2001,26.3,43.1
LUX,2002,26.5,43.6
LUX,2003,26.7,44
LUX,2004,27,44.6
LUX,2005,27.3,45
LUX,2006,27.4,45.3
LUX,2007,27.8,45.7
LUX,2008,28.1,46.2
LUX,2009,28,46.1
LUX,2010,28,46.4
LUX,2011,28.2,46.6
LUX,2012,28.8,47.2
LUX,2013,28.7,47
LUX,2014,28.6,46.4
LUX,2015,29.1,46
LUX,2016,29.2,45.8
MKD,1994,30.6,41
MKD,1995,30.7,41.1
MKD,1996,30.8,41.3
MKD,1997,31,41.5
MKD,1998,31.3,41.8
MKD,1999,31.6,42.2
MKD,2000,31.9,42.6
MKD,2001,32.3,43
MKD,2002,32.6,43.5
MKD,2003,33,44
MKD,2004,33.5,44.4
MKD,2005,33.9,44.9
MKD,2006,34.2,45.4
MKD,2007,34.5,46
MKD,2008,34.7,46.6
MKD,2009,34.9,47.3
MKD,2010,34.8,47.9
MKD,2011,34.7,48.3
MKD,2012,34.5,48.6
MKD,2013,34.3,48.8
MKD,2014,34.2,48.9
MKD,2015,34.1,48.9
MKD,2016,34,
MDG,1962,41,40.1
MDG,1963,41.2,40.3
MDG,1964,41.3,40.4
MDG,1965,41.5,40.6
MDG,1966,41.7,40.8
MDG,1967,41.8,41
MDG,1968,42,41.3
MDG,1969,42.2,41.5
MDG,1970,42.4,41.7
MDG,1971,42.6,41.9
MDG,1972,42.7,42.1
MDG,1973,42.9,42.3
MDG,1974,43.1,42.6
MDG,1975,43.3,42.8
MDG,1976,43.5,43
MDG,1977,43.6,43.2
MDG,1978,43.8,43.4
MDG,1979,44,43.6
MDG,1980,44.2,43.9
MDG,1981,44.1,43.9
MDG,1982,44,43.9
MDG,1983,43.9,43.8
MDG,1984,43.8,43.8
MDG,1985,43.8,43.8
MDG,1986,43.7,43.8
MDG,1987,43.6,43.8
MDG,1988,43.5,43.7
MDG,1989,43.5,43.7
MDG,1990,43.4,43.7
MDG,1991,43.3,43.7
MDG,1992,43.2,43.7
MDG,1993,43.2,43.7
MDG,1994,43,43.6
MDG,1995,42.9,43.4
MDG,1996,42.8,43.2
MDG,1997,42.6,43.2
MDG,1998,42.6,43.1
MDG,1999,42.6,43.1
MDG,2000,42.7,43.3
MDG,2001,42.9,43.4
MDG,2002,42.6,43.1
MDG,2003,42.4,42.7
MDG,2004,42,42.4
MDG,2005,41.8,42.1
MDG,2006,41.7,42
MDG,2007,41.7,42
MDG,2008,41.7,41.9
MDG,2009,41.7,41.9
MDG,2010,41.7,41.9
MDG,2011,41.7,42
MDG,2012,41.7,42.1
MWI,1969,46.9,45.4
MWI,1970,47.1,45.6
MWI,1971,47.3,45.9
MWI,1972,47.5,46.2
MWI,1973,47.7,46.4
MWI,1974,47.9,46.7
MWI,1975,48.2,47
MWI,1976,48.4,47.2
MWI,1977,48.6,47.5
MWI,1978,48.8,47.8
MWI,1979,49,48
MWI,1980,49.2,48.3
MWI,1981,49.4,48.5
MWI,1982,49.6,48.8
MWI,1983,49.8,49
MWI,1984,50,49.3
MWI,1985,50.2,49.5
MWI,1986,50.1,49.5
MWI,1987,50.1,49.5
MWI,1988,50.1,49.5
MWI,1989,50.1,49.6
MWI,1990,50,49.6
MWI,1991,50,49.7
MWI,1992,49.9,49.7
MWI,1993,49.9,49.8
MWI,1994,49.8,49.8
MWI,1995,49.8,49.8
MWI,1996,49.7,49.9
MWI,1997,49.6,50
MWI,1998,48.8,49.2
MWI,1999,48,48.4
MWI,2000,47.2,47.6
MWI,2001,46.4,46.8
MWI,2002,45.6,46
MWI,2003,44.8,45.2
MWI,2004,44,44.3
MWI,2005,43.5,43.9
MWI,2006,43.5,44
MWI,2007,43.4,43.9
MWI,2008,43.4,43.9
MWI,2009,43.4,43.9
MWI,2010,43.4,43.9
MWI,2011,43.3,43.9
MWI,2012,43.1,43.7
MWI,2013,42.9,43.5
MYS,1970,46.8,45.7
MYS,1971,47,46
MYS,1972,47.2,46.3
MYS,1973,47.4,46.6
MYS,1974,47.6,46.9
MYS,1975,47.7,47.1
MYS,1976,47.8,47.3
MYS,1977,47.6,47.2
MYS,1978,47.5,47.2
MYS,1979,47.3,47.1
MYS,1980,46.9,46.9
MYS,1981,46.7,46.8
MYS,1982,46.4,46.7
MYS,1983,46.2,46.7
MYS,1984,46,46.6
MYS,1985,45.6,46.3
MYS,1986,45.3,46.1
MYS,1987,45,45.9
MYS,1988,44.8,45.7
MYS,1989,44.5,45.5
MYS,1990,44.5,45.5
MYS,1991,44.4,45.4
MYS,1992,44.3,45.4
MYS,1993,44.3,45.4
MYS,1994,44.3,45.3
MYS,1995,44.2,45.3
MYS,1996,44,45.2
MYS,1997,43.9,45.1
MYS,1998,43.7,44.9
MYS,1999,43.5,44.6
MYS,2000,43.4,44.4
MYS,2001,43.2,44.3
MYS,2002,43.1,44.1
MYS,2003,42.8,44
MYS,2004,42.5,43.8
MYS,2005,42.1,43.6
MYS,2006,42,43.6
MYS,2007,41.9,43.5
MYS,2008,41.7,43.4
MYS,2009,41.5,43.2
MYS,2010,41.1,42.9
MYS,2011,40.8,42.6
MYS,2012,40.6,42.2
MYS,2013,40.2,41.9
MYS,2014,40.1,41.5
MYS,2015,39.9,41.4
MYS,2016,39.9,41.2
MDV,2002,39.5,40.1
MDV,2003,39.4,40.1
MDV,2004,39.4,40.2
MDV,2005,39.5,40.2
MDV,2006,39.6,40.3
MDV,2007,39.7,40.5
MDV,2008,39.7,40.6
MDV,2009,39.8,40.7
MDV,2010,40,40.9
MLI,1994,41.3,41.7
MLI,1995,41,41.4
MLI,1996,40.8,41.1
MLI,1997,40.5,40.8
MLI,1998,40.3,40.5
MLI,1999,40,40.2
MLI,2000,39.8,40
MLI,2001,39.5,39.7
MLI,2002,39.3,39.6
MLI,2003,39.2,39.4
MLI,2004,39,39.3
MLI,2005,38.7,38.9
MLI,2006,38.3,38.5
MLI,2007,38,38.2
MLI,2008,37.6,37.8
MLI,2009,37.2,37.4
MLT,1999,28.2,45.4
MLT,2000,28,45.5
MLT,2001,27.9,45.5
MLT,2002,27.7,45.7
MLT,2003,27.6,45.8
MLT,2004,27.4,45.9
MLT,2005,27.3,46.1
MLT,2006,27.2,46.2
MLT,2007,27.2,46.3
MLT,2008,27.1,46.4
MLT,2009,27.1,46.4
MLT,2010,27,46.5
MLT,2011,27,46.6
MLT,2012,27,46.6
MLT,2013,27,46.6
MLT,2014,27.1,46.7
MLT,2015,27.1,46.7
MLT,2016,27.1,46.7
MRT,1987,41,41.5
MRT,1988,40.9,41.4
MRT,1989,40.8,41.4
MRT,1990,40.7,41.3
MRT,1991,40.7,41.3
MRT,1992,40.6,41.2
MRT,1993,40.5,41.2
MRT,1994,40.1,40.7
MRT,1995,39.7,40.3
MRT,1996,39.7,40.3
MRT,1997,39.6,40.2
MRT,1998,39.5,40.1
MRT,1999,39.4,40
MRT,2000,39.3,39.9
MRT,2001,39.1,39.8
MRT,2002,39,39.6
MRT,2003,39,39.5
MRT,2004,38.8,39.4
MRT,2005,38.3,38.9
MRT,2006,37.8,38.3
MRT,2007,37.2,37.7
MRT,2008,36.7,37.2
MRT,2009,36.2,36.8
MRT,2010,35.8,36.4
MRT,2011,35.4,36
MRT,2012,34.9,35.5
MRT,2013,34.5,35.1
MRT,2014,34.1,34.7
MUS,1987,37,44.3
MUS,1988,37,44.3
MUS,1989,37,44.2
MUS,1990,37,44.2
MUS,1991,37,44.2
MUS,1992,36.9,44.1
MUS,1993,36.9,44
MUS,1994,36.9,43.8
MUS,1995,36.8,43.7
MUS,1996,36.8,43.6
MUS,1997,36.8,43.5
MUS,1998,36.7,43.2
MUS,1999,36.6,42.9
MUS,2000,36.5,42.6
MUS,2001,36.4,42.3
MUS,2002,36.4,42
MUS,2003,36.3,41.7
MUS,2004,36.3,41.3
MUS,2005,36.3,40.9
MUS,2006,36.3,40.6
MUS,2007,36.4,40.7
MUS,2008,36.4,40.6
MUS,2009,36.5,40.5
MUS,2010,36.5,40.3
MUS,2011,36.5,40.2
MUS,2012,36.6,40.1
MEX,1963,53,50.5
MEX,1964,52.9,50.5
MEX,1965,52.8,50.6
MEX,1966,52.8,50.5
MEX,1967,52.7,50.5
MEX,1968,52.7,50.5
MEX,1969,52.4,50.3
MEX,1970,52.1,50
MEX,1971,51.7,49.8
MEX,1972,51.4,49.5
MEX,1973,51.1,49.3
MEX,1974,50.7,49
MEX,1975,50.4,48.7
MEX,1976,50,48.4
MEX,1977,49.5,48.1
MEX,1978,49.1,47.7
MEX,1979,48.6,47.4
MEX,1980,48.1,47
MEX,1981,47.7,46.6
MEX,1982,47.2,46.2
MEX,1983,46.7,45.8
MEX,1984,46.2,45.4
MEX,1985,46.2,45.6
MEX,1986,46.1,45.8
MEX,1987,46.1,45.9
MEX,1988,46.1,46.1
MEX,1989,46,46.3
MEX,1990,46.4,46.8
MEX,1991,46.7,47.4
MEX,1992,47.1,47.9
MEX,1993,47.3,48.3
MEX,1994,47.6,48.7
MEX,1995,47.7,48.6
MEX,1996,47.6,48.4
MEX,1997,47.7,48.6
MEX,1998,47.9,48.9
MEX,1999,47.8,48.8
MEX,2000,47.6,48.7
MEX,2001,47.2,48.5
MEX,2002,46.8,48.2
MEX,2003,46.5,48
MEX,2004,46.1,47.7
MEX,2005,46.2,48
MEX,2006,45.8,47.8
MEX,2007,46.2,48.6
MEX,2008,46.6,49.5
MEX,2009,46.5,49.5
MEX,2010,46.2,49.5
MEX,2011,46.1,49.1
MEX,2012,45.9,48.7
MEX,2013,45.6,47.9
MEX,2014,45.2,47.1
MEX,2015,45,46.9
MEX,2016,44.8,46.6
MDA,1988,32.5,45.1
MDA,1989,32.8,45.3
MDA,1990,33.3,45.4
MDA,1991,34.1,45.6
MDA,1992,34.8,45.8
MDA,1993,35.5,46
MDA,1994,36.2,46
MDA,1995,36.9,46.2
MDA,1996,37.6,46.3
MDA,1997,38.4,46.4
MDA,1998,38.9,46.6
MDA,1999,39.1,46.5
MDA,2000,39.1,46.4
MDA,2001,39,46.2
MDA,2002,38.8,45.8
MDA,2003,38.4,45.3
MDA,2004,38.3,44.9
MDA,2005,38.1,44.5
MDA,2006,38,44
MDA,2007,37.7,43.4
MDA,2008,37.3,42.9
MDA,2009,36.9,42.5
MDA,2010,36.3,42
MDA,2011,35.7,41.7
MDA,2012,35.1,41.3
MDA,2013,34.4,40.9
MDA,2014,33.8,40.6
MDA,2015,33.4,40.4
MDA,2016,33.1,40.3
MDA,2017,33,40.2
MNG,1995,33,33.8
MNG,1996,32.9,33.7
MNG,1997,32.9,33.7
MNG,1998,32.8,33.6
MNG,1999,32.9,33.7
MNG,2000,33,33.8
MNG,2001,33.1,33.8
MNG,2002,33.2,33.9
MNG,2003,33.3,34
MNG,2004,33.3,34.1
MNG,2005,33.4,34.1
MNG,2006,33.5,34.3
MNG,2007,33.6,34.4
MNG,2008,33.5,34.2
MNG,2009,33.3,34
MNG,2010,33.3,34
MNG,2011,33.3,34
MNG,2012,33.3,33.9
MNG,2013,33.2,33.9
MNG,2014,33.2,33.7
MNG,2015,33.1,33.7
MNG,2016,33.1,33.7
MNE,2005,31.6,40.1
MNE,2006,31.5,40.2
MNE,2007,31.5,40.3
MNE,2008,31.5,40.4
MNE,2009,31.6,40.5
MNE,2010,31.6,40.5
MNE,2011,31.7,40.6
MNE,2012,31.8,40.7
MNE,2013,31.8,40.7
MNE,2014,31.9,40.8
MAR,1984,39.5,40.1
MAR,1985,39.5,40.2
MAR,1986,39.5,40.2
MAR,1987,39.6,40.2
MAR,1988,39.5,40.3
MAR,1989,39.5,40.3
MAR,1990,39.5,40.3
MAR,1991,39.5,40.3
MAR,1992,39.5,40.3
MAR,1993,39.5,40.3
MAR,1994,39.5,40.3
MAR,1995,39.5,40.3
MAR,1996,39.5,40.3
MAR,1997,39.5,40.4
MAR,1998,39.5,40.4
MAR,1999,39.6,40.4
MAR,2000,39.7,40.6
MAR,2001,39.8,40.7
MAR,2002,39.8,40.7
MAR,2003,39.8,40.8
MAR,2004,39.9,40.8
MAR,2005,39.9,40.8
MAR,2006,39.9,40.9
MAR,2007,39.9,40.9
MAR,2008,39.8,40.8
MAR,2009,39.8,40.8
MAR,2010,39.7,40.8
MAR,2011,39.7,40.8
MAR,2012,39.7,40.7
MAR,2013,39.7,40.7
MAR,2014,39.7,40.6
MOZ,1996,42.8,43.1
MOZ,1997,42.4,42.7
MOZ,1998,42.5,42.9
MOZ,1999,42.7,43.1
MOZ,2000,42.9,43.3
MOZ,2001,43.1,43.5
MOZ,2002,43.3,43.7
MOZ,2003,43.1,43.5
MOZ,2004,43.2,43.6
MOZ,2005,43.2,43.7
MOZ,2006,43.4,43.8
MOZ,2007,43.5,44
MOZ,2008,43.6,44
MOZ,2009,43.7,44
MOZ,2010,44.1,44.5
MOZ,2011,44.5,45
MOZ,2012,45,45.4
MOZ,2013,45.4,45.8
MOZ,2014,45.9,46.3
MOZ,2015,46,46.5
MMR,2010,32.9,33.9
MMR,2011,33.1,34.1
MMR,2012,33.3,34.2
MMR,2013,33.5,34.4
MMR,2014,33.7,34.6
MMR,2015,34,34.8
NAM,1993,62.6,65.9
NAM,1994,62.4,65.8
NAM,1995,62.3,65.7
NAM,1996,62.2,65.5
NAM,1997,62.2,65.4
NAM,1998,62,65.3
NAM,1999,61.9,65.1
NAM,2000,61.8,64.9
NAM,2001,61.7,64.8
NAM,2002,61.6,64.7
NAM,2003,61.5,64.5
NAM,2004,61.3,64.4
NAM,2005,61.2,64.3
NAM,2006,61,64
NAM,2007,60.8,63.9
NAM,2008,60.5,63.6
NAM,2009,60.3,63.4
NAM,2010,60.1,63.4
NAM,2011,60,63.3
NAM,2012,59.8,63.2
NAM,2013,59.7,63
NAM,2014,59.6,63
NAM,2015,59.5,62.9
NAM,2016,59.4,62.9
NRU,2006,45.9,46.1
NPL,1977,41.9,42.2
NPL,1978,41.7,42
NPL,1979,41.5,41.8
NPL,1980,41.3,41.6
NPL,1981,41.1,41.5
NPL,1982,40.9,41.3
NPL,1983,40.7,41.1
NPL,1984,40.4,40.9
NPL,1985,40.2,40.7
NPL,1986,40,40.5
NPL,1987,39.7,40.3
NPL,1988,39.5,40
NPL,1989,39.3,39.8
NPL,1990,39.1,39.6
NPL,1991,38.9,39.4
NPL,1992,38.7,39.2
NPL,1993,38.4,39.1
NPL,1994,38.2,38.8
NPL,1995,38,38.6
NPL,1996,37.9,38.6
NPL,1997,37.9,38.7
NPL,1998,38.1,38.8
NPL,1999,38.2,38.9
NPL,2000,38.3,39
NPL,2001,38.4,39.1
NPL,2002,38.5,39.2
NPL,2003,38.6,39.3
NPL,2004,38.4,39.2
NPL,2005,38,38.9
NPL,2006,37.7,38.6
NPL,2007,37.4,38.2
NPL,2008,37,37.9
NPL,2009,36.7,37.5
NPL,2010,36.3,37.1
NLD,1977,24,40.7
NLD,1978,24.1,41
NLD,1979,24.1,41.3
NLD,1980,24.2,41.6
NLD,1981,24.2,42.3
NLD,1982,24.3,43
NLD,1983,24.5,43.7
NLD,1984,24.5,43.8
NLD,1985,24.5,43.9
NLD,1986,24.5,44.3
NLD,1987,24.4,44.8
NLD,1988,24.8,44.5
NLD,1989,25.3,44.6
NLD,1990,25.9,44.8
NLD,1991,26,44.8
NLD,1992,26.1,44.8
NLD,1993,26.3,44.8
NLD,1994,26.4,44
NLD,1995,26.3,43.3
NLD,1996,25.9,42.9
NLD,1997,25.5,42.6
NLD,1998,25.2,42.6
NLD,1999,24.7,42.6
NLD,2000,25.2,42.7
NLD,2001,25.6,43.1
NLD,2002,25.9,43.7
NLD,2003,26.2,44.4
NLD,2004,26.6,45
NLD,2005,26.8,45.2
NLD,2006,27,45.4
NLD,2007,27,45.6
NLD,2008,26.8,45.3
NLD,2009,26.5,45
NLD,2010,26.5,45
NLD,2011,26.4,44.1
NLD,2012,26.5,43.9
NLD,2013,26.8,44.6
NLD,2014,27.2,43.9
NLD,2015,27.2,43.3
NLD,2016,27.2,43
NZL,1982,26.9,40.7
NZL,1983,26.8,40.8
NZL,1984,26.8,41
NZL,1985,26.7,41.2
NZL,1986,26.5,41.5
NZL,1987,27.2,41.8
NZL,1988,28,42.2
NZL,1989,29.2,42.6
NZL,1990,30.5,43.1
NZL,1991,31.5,43.6
NZL,1992,31.6,43.9
NZL,1993,32,44.3
NZL,1994,32.3,44.7
NZL,1995,32.7,45.1
NZL,1996,33,45.4
NZL,1997,33,45.7
NZL,1998,32.9,45.9
NZL,1999,32.9,46.1
NZL,2000,32.8,46.3
NZL,2001,32.7,46.4
NZL,2002,32.7,46.5
NZL,2003,32.6,46.5
NZL,2004,32.5,46.6
NZL,2005,32.3,46.5
NZL,2006,32.3,46.5
NZL,2007,32.2,46.6
NZL,2008,32,46.6
NZL,2009,31.9,46.6
NZL,2010,31.8,46.7
NZL,2011,32,46.7
NZL,2012,32.2,46.8
NZL,2013,32.5,46.9
NZL,2014,32.9,47
NZL,2015,33,47
NZL,2016,33,47
NZL,2017,33,47
NIC,1993,50.2,54.3
NIC,1994,50,54.1
NIC,1995,49.8,54
NIC,1996,49.5,53.9
NIC,1997,49.3,53.7
NIC,1998,49.1,53.6
NIC,1999,48.7,53.3
NIC,2000,48.2,52.9
NIC,2001,47.8,52.7
NIC,2002,47.1,52.2
NIC,2003,46.5,51.8
NIC,2004,45.9,51.3
NIC,2005,45.2,50.9
NIC,2006,44.6,50.5
NIC,2007,44,50.1
NIC,2008,43.4,49.7
NIC,2009,42.8,49.3
NIC,2010,42.7,49.3
NIC,2011,42.7,49.2
NIC,2012,42.6,49.1
NIC,2013,42.7,49
NIC,2014,42.6,49
NER,1992,38.5,38.8
NER,1993,38.7,39
NER,1994,38.8,39.2
NER,1995,38.8,39.2
NER,1996,38.8,39.2
NER,1997,38.9,39.2
NER,1998,38.9,39.2
NER,1999,38.9,39.3
NER,2000,38.9,39.3
NER,2001,38.9,39.3
NER,2002,38.9,39.3
NER,2003,38.9,39.3
NER,2004,38.9,39.3
NER,2005,38.9,39.3
NER,2006,38.2,38.6
NER,2007,37.6,38
NER,2008,37.1,37.3
NER,2009,36.5,36.8
NER,2010,36,36.3
NER,2011,35.5,35.7
NER,2012,35.3,35.6
NER,2013,35.2,35.5
NER,2014,35,35.4
NGA,1985,41.6,42.1
NGA,1986,41.8,42.3
NGA,1987,42,42.6
NGA,1988,42.2,42.8
NGA,1989,42.4,43
NGA,1990,42.5,43.2
NGA,1991,42.7,43.5
NGA,1992,42.9,43.7
NGA,1993,43,43.8
NGA,1994,43.1,43.9
NGA,1995,43.2,44
NGA,1996,43.3,44.1
NGA,1997,43,43.8
NGA,1998,42.8,43.6
NGA,1999,42.6,43.4
NGA,2000,42.3,43.1
NGA,2001,42.1,42.9
NGA,2002,41.9,42.7
NGA,2003,41.7,42.4
NGA,2004,41.7,42.5
NGA,2005,41.8,42.6
NGA,2006,41.9,42.6
NGA,2007,41.9,42.7
NGA,2008,42,42.7
NGA,2009,42.1,42.8
NGA,2010,42.2,43
NOR,1970,26.4,44.1
NOR,1971,26.5,44.1
NOR,1972,26.7,44
NOR,1973,26.8,43.9
NOR,1974,26.6,43.4
NOR,1975,26.3,42.9
NOR,1976,26,42.4
NOR,1977,25.6,41.5
NOR,1978,25.1,40.6
NOR,1979,24.7,39.7
NOR,1980,24.8,39.4
NOR,1981,25,39.2
NOR,1982,25.1,39
NOR,1983,24.6,38.4
NOR,1984,24.1,37.7
NOR,1985,23.6,37.2
NOR,1986,23.1,36.8
NOR,1987,22.2,36.7
NOR,1988,21.7,36.9
NOR,1989,22.3,37.7
NOR,1990,22.4,38
NOR,1991,22.8,38.8
NOR,1992,22.8,39.2
NOR,1993,23.2,40
NOR,1994,23.7,40.9
NOR,1995,23.9,41.5
NOR,1996,24.2,41.8
NOR,1997,24.3,42
NOR,1998,24.3,41.9
NOR,1999,24.4,42.1
NOR,2000,24.6,42.5
NOR,2001,24.6,42.9
NOR,2002,25.6,44.3
NOR,2003,26,45.2
NOR,2004,25.9,45.4
NOR,2005,26.2,45.6
NOR,2006,25.1,44.5
NOR,2007,24.5,43.9
NOR,2008,24.5,43.4
NOR,2009,24.4,43.5
NOR,2010,24.6,44.7
NOR,2011,24.4,43.6
NOR,2012,24.6,43.8
NOR,2013,25.1,44.7
NOR,2014,25.3,44.3
NOR,2015,25.7,44.3
NOR,2016,25.8,44.2
NOR,2017,25.9,44.3
OMN,2010,31.9,32.9
PAK,1964,34.9,34
PAK,1965,34.8,33.9
PAK,1966,34.6,33.8
PAK,1967,34.5,33.6
PAK,1968,34.1,33.1
PAK,1969,33.7,32.8
PAK,1970,33.4,32.5
PAK,1971,33.3,32.4
PAK,1972,33.4,32.6
PAK,1973,33.5,32.7
PAK,1974,33.7,32.9
PAK,1975,33.8,33.1
PAK,1976,33.9,33.2
PAK,1977,34.1,33.4
PAK,1978,34.2,33.5
PAK,1979,34.4,33.7
PAK,1980,34.5,33.7
PAK,1981,34.5,33.7
PAK,1982,34.5,33.7
PAK,1983,34.5,33.8
PAK,1984,34.5,33.8
PAK,1985,34.5,33.9
PAK,1986,34.4,33.9
PAK,1987,34.5,33.8
PAK,1988,34.4,33.8
PAK,1989,34.5,33.9
PAK,1990,34.5,34
PAK,1991,34.5,34
PAK,1992,34.3,33.8
PAK,1993,34.1,33.6
PAK,1994,34,33.5
PAK,1995,33.9,33.4
PAK,1996,33.8,33.4
PAK,1997,33.8,33.5
PAK,1998,33.9,33.6
PAK,1999,33.9,33.7
PAK,2000,33.7,33.6
PAK,2001,33.6,33.4
PAK,2002,33.9,33.8
PAK,2003,34,33.8
PAK,2004,34.2,33.9
PAK,2005,34.3,34.1
PAK,2006,34.3,34.1
PAK,2007,34.2,33.9
PAK,2008,34.3,34.1
PAK,2009,34.3,34
PAK,2010,34.2,33.8
PAK,2011,34.2,33.9
PAK,2012,34.2,33.8
PAK,2013,34.2,33.6
PAK,2014,34.3,33.7
PAK,2015,34.3,33.7
PLW,2006,46,45.6
PLW,2007,46.2,45.8
PLW,2008,46.4,46
PLW,2009,46.6,46.3
PLW,2010,46.9,46.5
PLW,2011,47.2,46.7
PLW,2012,47.4,46.9
PLW,2013,47.6,47.1
PLW,2014,47.9,47.4
PSE,1996,35.3,36.1
PSE,1997,35.3,36
PSE,1998,35.3,36.1
PSE,1999,35.3,36.1
PSE,2000,35.4,36.2
PSE,2001,35.4,36.3
PSE,2002,35.5,36.3
PSE,2003,35.5,36.4
PSE,2004,35.5,36.4
PSE,2005,35.6,36.4
PSE,2006,35.6,36.5
PSE,2007,35.7,36.5
PSE,2008,35.6,36.4
PSE,2009,35.6,36.3
PSE,2010,35.5,36.1
PSE,2011,35.4,36.1
PSE,2012,35.3,36
PSE,2013,35.3,35.9
PSE,2014,35.2,35.8
PSE,2015,35.1,35.8
PSE,2016,35,35.7
PAN,1970,49.6,51.8
PAN,1971,49.6,51.9
PAN,1972,49.5,52
PAN,1973,49.4,52
PAN,1974,49.4,52
PAN,1975,49.4,52.1
PAN,1976,49.3,52.2
PAN,1977,49.2,52.3
PAN,1978,49.2,52.3
PAN,1979,49.1,52.4
PAN,1980,49.2,52.5
PAN,1981,49.4,52.7
PAN,1982,49.5,52.8
PAN,1983,49.7,52.9
PAN,1984,49.8,53
PAN,1985,50,53.1
PAN,1986,50.1,53.2
PAN,1987,50.3,53.4
PAN,1988,50.5,53.5
PAN,1989,50.7,53.8
PAN,1990,50.8,54
PAN,1991,51,54.1
PAN,1992,51,54.2
PAN,1993,51,54.2
PAN,1994,51,54.3
PAN,1995,51.1,54.3
PAN,1996,51.1,54.4
PAN,1997,51.3,54.4
PAN,1998,51.1,54.4
PAN,1999,50.9,54.3
PAN,2000,51,54.3
PAN,2001,51.1,54.2
PAN,2002,50.9,54
PAN,2003,50.6,53.7
PAN,2004,50.1,53.3
PAN,2005,49.6,52.9
PAN,2006,49.3,52.5
PAN,2007,48.6,52.1
PAN,2008,48.3,51.8
PAN,2009,47.7,51.6
PAN,2010,47.3,51.4
PAN,2011,47.2,51.2
PAN,2012,47.1,51.1
PAN,2013,46.8,51.1
PAN,2014,46.6,50.8
PAN,2015,46.6,50.7
PAN,2016,46.5,50.6
PNG,1996,49.5,50.3
PNG,1997,49.4,50.2
PNG,1998,49.2,50.1
PNG,1999,49,49.9
PNG,2000,48.9,49.8
PNG,2001,48.8,49.6
PNG,2002,48.6,49.5
PNG,2003,48.5,49.3
PNG,2004,48.3,49.2
PNG,2005,48.2,49.1
PNG,2006,47.9,48.8
PNG,2007,47.7,48.6
PNG,2008,47.5,48.3
PNG,2009,47.3,48.1
PRY,1990,42.5,47.1
PRY,1991,44.1,48.3
PRY,1992,45.7,49.5
PRY,1993,47.4,50.7
PRY,1994,49,51.9
PRY,1995,50.6,53.1
PRY,1996,50.4,52.5
PRY,1997,50.3,51.9
PRY,1998,50.1,51.6
PRY,1999,50,51.3
PRY,2000,50.1,51.4
PRY,2001,50.1,51.5
PRY,2002,50.3,51.7
PRY,2003,49.8,51.2
PRY,2004,48.6,49.7
PRY,2005,47.7,48.9
PRY,2006,47.6,48.8
PRY,2007,47.1,48.2
PRY,2008,46.6,47.8
PRY,2009,46.2,47.3
PRY,2010,46.5,47.8
PRY,2011,46.7,48.1
PRY,2012,45.6,46.8
PRY,2013,45.8,47.2
PRY,2014,45.8,47.4
PRY,2015,45,46.3
PRY,2016,45.2,46.5
PRY,2017,45.1,46.4
PER,1972,53.5,53.9
PER,1973,53.5,54
PER,1974,53.5,54.1
PER,1975,53.5,54.2
PER,1976,53.5,54.3
PER,1977,53.5,54.4
PER,1978,53.6,54.5
PER,1979,53.6,54.6
PER,1980,53.6,54.7
PER,1981,53.7,54.8
PER,1982,53.6,54.8
PER,1983,53.5,54.9
PER,1984,53.5,54.9
PER,1985,53.4,54.9
PER,1986,53.3,55
PER,1987,53.3,55
PER,1988,53.2,55.1
PER,1989,53.1,55.1
PER,1990,53,55.1
PER,1991,53,55.2
PER,1992,52.8,55.2
PER,1993,52.8,55.2
PER,1994,52.7,55.3
PER,1995,52.6,55.4
PER,1996,52.5,55.5
PER,1997,52.4,55.6
PER,1998,52.4,55.7
PER,1999,52.1,55.5
PER,2000,51.2,55.1
PER,2001,51.4,55.1
PER,2002,51.8,55.3
PER,2003,52.1,55.3
PER,2004,51.8,54.7
PER,2005,51.4,54.3
PER,2006,50.8,53.8
PER,2007,49.8,52.7
PER,2008,48.5,51.6
PER,2009,47.7,50.9
PER,2010,47,50.1
PER,2011,45.9,48.9
PER,2012,45.4,48.4
PER,2013,45.2,48.2
PER,2014,44.4,47.3
PER,2015,44.3,47.2
PER,2016,44.3,47.3
PHL,1961,43.3,44.7
PHL,1962,43.3,44.8
PHL,1963,43.3,44.8
PHL,1964,43.4,44.8
PHL,1965,43.4,44.8
PHL,1966,43.3,44.8
PHL,1967,43.3,44.7
PHL,1968,43.3,44.8
PHL,1969,43.2,44.8
PHL,1970,43.1,44.8
PHL,1971,43,44.8
PHL,1972,42.9,44.9
PHL,1973,42.7,44.9
PHL,1974,42.6,44.9
PHL,1975,42.5,44.9
PHL,1976,42.3,44.9
PHL,1977,42.2,44.9
PHL,1978,42,44.9
PHL,1979,41.9,44.9
PHL,1980,41.8,44.9
PHL,1981,41.7,44.9
PHL,1982,41.5,44.9
PHL,1983,41.4,44.9
PHL,1984,41.2,44.9
PHL,1985,41.1,44.9
PHL,1986,41,45
PHL,1987,41,45.1
PHL,1988,40.9,45.2
PHL,1989,41,45.4
PHL,1990,41,45.6
PHL,1991,41,45.9
PHL,1992,41.1,46
PHL,1993,41.2,46.2
PHL,1994,41.2,46.3
PHL,1995,41.3,46.5
PHL,1996,41.5,46.6
PHL,1997,41.6,46.8
PHL,1998,41.6,46.8
PHL,1999,41.5,46.9
PHL,2000,41.4,46.9
PHL,2001,41.3,46.8
PHL,2002,41.2,46.8
PHL,2003,41.1,46.8
PHL,2004,41,46.8
PHL,2005,41,46.7
PHL,2006,40.9,46.7
PHL,2007,40.9,46.6
PHL,2008,40.9,46.5
PHL,2009,41,46.5
PHL,2010,40.9,46.5
PHL,2011,40.8,46.4
PHL,2012,40.7,46.4
PHL,2013,40.6,46.3
PHL,2014,40.5,46.3
PHL,2015,40.3,46.3
POL,1983,25.3,38.2
POL,1984,25.3,38.3
POL,1985,25.4,38.6
POL,1986,26.2,38.2
POL,1987,25.7,39.8
POL,1988,25.7,40.9
POL,1989,25.6,41.4
POL,1990,25.2,41.6
POL,1991,25.3,41.8
POL,1992,26.6,42.9
POL,1993,28.1,45.7
POL,1994,29.2,47.8
POL,1995,30.3,49.9
POL,1996,29.7,48.9
POL,1997,29.8,48.8
POL,1998,29.7,48.5
POL,1999,29.6,48.8
POL,2000,29.9,48.7
POL,2001,30.3,48.8
POL,2002,30.8,49.3
POL,2003,31.7,50.7
POL,2004,32.2,51.9
POL,2005,32.6,52
POL,2006,32.1,51.4
POL,2007,31.7,50.6
POL,2008,31.6,50.2
POL,2009,31.4,49.7
POL,2010,31.4,49.2
POL,2011,31.1,49.3
POL,2012,31.2,49.4
POL,2013,31.7,49.8
POL,2014,31,49.3
POL,2015,30.5,49.1
POL,2016,30.2,49.3
PRT,1968,31.9,45.2
PRT,1969,32,45.3
PRT,1970,32.1,45.5
PRT,1971,32.2,45.7
PRT,1972,32.3,45.9
PRT,1973,32.4,46
PRT,1974,32.5,46.1
PRT,1975,32.6,46.3
PRT,1976,32.8,46.5
PRT,1977,33,46.7
PRT,1978,33.2,46.9
PRT,1979,33.3,47.1
PRT,1980,33.5,47.3
PRT,1981,33.6,47.4
PRT,1982,33.6,47.6
PRT,1983,33.7,47.7
PRT,1984,33.7,47.9
PRT,1985,33.7,48.1
PRT,1986,33.8,48.2
PRT,1987,33.8,48.3
PRT,1988,33.8,48.4
PRT,1989,33.8,48.6
PRT,1990,33.9,48.7
PRT,1991,33.9,48.9
PRT,1992,33.8,49
PRT,1993,33.8,49.2
PRT,1994,33.7,49.3
PRT,1995,33.7,49.5
PRT,1996,33.6,49.6
PRT,1997,33.6,49.7
PRT,1998,33.6,49.9
PRT,1999,33.6,50.2
PRT,2000,33.7,50.4
PRT,2001,33.8,50.6
PRT,2002,33.9,50.9
PRT,2003,34.2,51.2
PRT,2004,34.3,51.3
PRT,2005,34.4,51.5
PRT,2006,34.3,51.6
PRT,2007,34.2,51.6
PRT,2008,34,51.5
PRT,2009,33.8,51.4
PRT,2010,33.7,51.4
PRT,2011,33.7,51.4
PRT,2012,33.7,51.4
PRT,2013,33.8,51.4
PRT,2014,33.7,51.4
PRT,2015,33.7,51.4
PRT,2016,33.7,51.4
PRI,1963,47.1,47.3
PRI,1964,47.3,47.5
PRI,1965,47.5,47.7
PRI,1966,47.6,47.9
PRI,1967,47.8,48.1
PRI,1968,48,48.3
PRI,1969,48.2,48.6
PRI,1970,48.3,48.7
PRI,1971,48.4,48.9
PRI,1972,48.5,49
PRI,1973,48.6,49.2
PRI,1974,48.7,49.3
PRI,1975,48.7,49.5
PRI,1976,48.8,49.7
PRI,1977,48.9,49.8
PRI,1978,49,49.9
PRI,1979,49,50.1
PRI,1980,49.1,50.2
PRI,1981,49.2,50.3
PRI,1982,49.2,50.4
PRI,1983,49.3,50.4
PRI,1984,49.4,50.5
PRI,1985,49.5,50.6
PRI,1986,49.5,50.7
PRI,1987,49.6,50.7
PRI,1988,49.7,50.8
PRI,1989,49.8,51
PRI,1990,49.9,51
PRI,1991,50,51.1
PRI,1992,50.2,51.1
PRI,1993,50.3,51.1
PRI,1994,50.4,51.1
PRI,1995,50.5,51.2
PRI,1996,50.7,51.2
PRI,1997,50.8,51.3
PRI,1998,50.9,51.3
PRI,1999,51,51.4
PRI,2000,51,51.3
PRI,2001,51.1,51.3
PRI,2002,51.1,51.2
PRI,2003,51.2,51.2
PRI,2004,51.2,51.2
PRI,2005,51.3,51
PRI,2006,51.3,51
PRI,2007,51.4,50.9
PRI,2008,51.5,51
PRI,2009,51.5,50.9
PRI,2010,51.5,50.9
PRI,2011,51.6,50.9
PRI,2012,51.7,51
PRI,2013,51.8,51
PRI,2014,51.9,51.1
PRI,2015,51.9,51.1
PRI,2016,51.9,51.1
QAT,1988,38.5,39.6
QAT,1989,38.6,39.7
QAT,1990,38.7,39.7
QAT,1991,38.8,39.8
QAT,1992,38.8,39.9
QAT,1993,38.8,40
QAT,1994,38.8,40.1
QAT,1995,38.9,40.2
QAT,1996,39,40.3
QAT,1997,39.1,40.4
QAT,1998,39.1,40.5
QAT,1999,39.2,40.6
QAT,2000,39.2,40.7
QAT,2001,39.3,40.8
QAT,2002,39.4,40.9
QAT,2003,39.6,41
QAT,2004,39.6,41.2
QAT,2005,39.7,41.3
QAT,2006,39.7,41.4
QAT,2007,39.8,41.4
QAT,2008,39.8,41.5
QAT,2009,39.8,41.6
QAT,2010,39.8,41.7
QAT,2011,39.8,41.8
QAT,2012,39.8,42
QAT,2013,39.8,42.1
ROU,1989,21.9,31.4
ROU,1990,21.6,31.6
ROU,1991,22.4,32.2
ROU,1992,23.4,33.1
ROU,1993,24.8,34.3
ROU,1994,26.1,35.6
ROU,1995,27.4,37.1
ROU,1996,27.7,37.1
ROU,1997,28,37.2
ROU,1998,28.4,36.8
ROU,1999,29,36.6
ROU,2000,29.5,36.5
ROU,2001,30.2,36.6
ROU,2002,30.7,36.9
ROU,2003,31.4,37.2
ROU,2004,32.1,37.6
ROU,2005,32.7,38.1
ROU,2006,33.2,38.5
ROU,2007,33.3,38.7
ROU,2008,33.1,38.7
ROU,2009,33,38.8
ROU,2010,33,38.9
ROU,2011,33.1,39
ROU,2012,33.3,39.1
ROU,2013,33.4,39.1
ROU,2014,33.4,39.2
ROU,2015,33.4,39.2
ROU,2016,33.4,39.2
RUS,1988,25.1,34.9
RUS,1989,25.2,35.3
RUS,1990,25.9,36
RUS,1991,27.7,36.9
RUS,1992,31.1,39
RUS,1993,34.4,41.6
RUS,1994,36.4,43.4
RUS,1995,37.4,44.6
RUS,1996,37.5,45.7
RUS,1997,36.7,46.1
RUS,1998,36.7,46.7
RUS,1999,36.7,47.3
RUS,2000,37.2,47.9
RUS,2001,36.5,47.8
RUS,2002,36,47.9
RUS,2003,36.4,48.3
RUS,2004,36.7,48.5
RUS,2005,36.5,48.1
RUS,2006,36.4,47.8
RUS,2007,36.2,47.3
RUS,2008,36.4,47.6
RUS,2009,35.7,47.1
RUS,2010,35.3,46.6
RUS,2011,35.5,46.5
RUS,2012,35.3,46.3
RUS,2013,34.7,45.7
RUS,2014,34.1,45
RUS,2015,33.5,44.5
RUS,2016,33.3,44.5
RWA,1984,34.3,36.8
RWA,1985,34.7,37.2
RWA,1986,35,37.7
RWA,1987,35.8,38.4
RWA,1988,36.5,39.3
RWA,1989,37.2,40.1
RWA,1990,38,40.8
RWA,1991,38.7,41.6
RWA,1992,39.5,42.3
RWA,1993,40.2,43
RWA,1994,41,43.8
RWA,1995,41.7,44.6
RWA,1996,42.5,45.3
RWA,1997,43.2,46.1
RWA,1998,44,46.8
RWA,1999,44.8,47.6
RWA,2000,45.6,48.3
RWA,2001,46,48.9
RWA,2002,46.3,49.2
RWA,2003,46.7,49.6
RWA,2004,47.1,49.9
RWA,2005,47.4,50.3
RWA,2006,47.4,50.3
RWA,2007,47.5,50.3
RWA,2008,47.5,50.2
RWA,2009,47.5,50.2
RWA,2010,47.6,50.1
RWA,2011,47.4,49.9
RWA,2012,47.1,49.7
RWA,2013,47,49.5
RWA,2014,46.9,49.5
WSM,2002,43,43.6
WSM,2003,43,43.6
WSM,2004,42.9,43.6
WSM,2005,42.9,43.7
WSM,2006,42.9,43.6
WSM,2007,42.9,43.7
WSM,2008,42.9,43.7
STP,2000,31,31.1
STP,2001,30.9,31.1
STP,2002,30.8,31
STP,2003,30.7,30.9
STP,2004,30.7,30.8
STP,2005,30.6,30.8
STP,2006,30.5,30.7
STP,2007,30.4,30.5
STP,2008,30.3,30.5
STP,2009,30.2,30.5
STP,2010,30.1,30.4
SAU,2007,47.9,49.2
SAU,2008,47.9,49.2
SAU,2009,47.9,49.1
SAU,2010,47.8,49.1
SAU,2011,47.8,49.1
SAU,2012,47.8,49.1
SAU,2013,47.8,49
SEN,1991,42.6,43.3
SEN,1992,42.3,43
SEN,1993,42,42.7
SEN,1994,41.7,42.3
SEN,1995,41.4,42
SEN,1996,41.3,41.7
SEN,1997,41.1,41.5
SEN,1998,41,41.3
SEN,1999,40.8,41.1
SEN,2000,40.7,41
SEN,2001,40.5,40.8
SEN,2002,40.3,40.5
SEN,2003,40.1,40.3
SEN,2004,39.9,40.1
SEN,2005,39.7,39.9
SEN,2006,39.6,39.8
SEN,2007,39.5,39.7
SEN,2008,39.4,39.6
SEN,2009,39.3,39.5
SEN,2010,39.2,39.3
SEN,2011,39.1,39.2
SRB,1997,30.9,47.1
SRB,1998,31.1,47.3
SRB,1999,31.5,47.6
SRB,2000,32.4,48
SRB,2001,33.1,48.5
SRB,2002,33.6,48.9
SRB,2003,34.1,49.3
SRB,2004,34.4,49.7
SRB,2005,34.6,50
SRB,2006,34.7,50.3
SRB,2007,34.5,50.7
SRB,2008,34.2,50.9
SRB,2009,34.1,51.3
SRB,2010,34,51.6
SRB,2011,34.2,51.4
SRB,2012,34.5,51.4
SRB,2013,34.6,51.5
SRB,2014,34.6,51.2
SRB,2015,34.5,51.1
SRB,2016,34.2,51.1
SYC,2006,40.7,42
SYC,2007,40.7,42.2
SYC,2008,40.8,42.4
SYC,2009,40.8,42.6
SYC,2010,40.9,42.8
SYC,2011,41,42.9
SYC,2012,41,43.2
SYC,2013,41.1,43.3
SLE,1969,43.6,43.4
SLE,1970,43.7,43.5
SLE,1971,43.8,43.7
SLE,1972,43.9,43.9
SLE,1973,44,44
SLE,1974,44.2,44.2
SLE,1975,44.3,44.3
SLE,1976,44.4,44.5
SLE,1977,44.5,44.6
SLE,1978,44.6,44.8
SLE,1979,44.6,45
SLE,1980,44.7,45.2
SLE,1981,44.9,45.3
SLE,1982,45,45.5
SLE,1983,45.1,45.7
SLE,1984,45.2,45.8
SLE,1985,45.3,45.9
SLE,1986,45.4,46.1
SLE,1987,45.5,46.3
SLE,1988,45.6,46.4
SLE,1989,45.7,46.6
SLE,1990,45.4,46.2
SLE,1991,45.1,45.8
SLE,1992,44.7,45.4
SLE,1993,44.4,45.1
SLE,1994,44.1,44.8
SLE,1995,43.7,44.4
SLE,1996,43.4,44.1
SLE,1997,43.1,43.7
SLE,1998,42.8,43.4
SLE,1999,42.5,43
SLE,2000,42.2,42.6
SLE,2001,41.9,42.3
SLE,2002,41.5,41.9
SLE,2003,41.2,41.6
SLE,2004,40.8,41.2
SLE,2005,40.5,40.8
SLE,2006,40,40.4
SLE,2007,39.5,40
SLE,2008,39.1,39.5
SLE,2009,38.7,39
SLE,2010,38.3,38.6
SLE,2011,37.9,38.2
SGP,1973,36.7,41.2
SGP,1974,36.7,41.3
SGP,1975,36.7,41.3
SGP,1976,36.6,41.3
SGP,1977,36.6,41.4
SGP,1978,36.6,41.5
SGP,1979,36.6,41.6
SGP,1980,36.6,41.7
SGP,1981,36.7,41.9
SGP,1982,36.8,42
SGP,1983,36.8,42.1
SGP,1984,36.9,42.2
SGP,1985,37,42.3
SGP,1986,37,42.5
SGP,1987,37.1,42.6
SGP,1988,37.2,42.7
SGP,1989,37.5,42.9
SGP,1990,37.7,43.1
SGP,1991,38,43.3
SGP,1992,38.2,43.4
SGP,1993,38.4,43.6
SGP,1994,38.5,43.7
SGP,1995,38.7,43.7
SGP,1996,38.8,43.8
SGP,1997,38.9,43.9
SGP,1998,38.9,44
SGP,1999,38.9,43.9
SGP,2000,38.8,43.9
SGP,2001,38.9,43.9
SGP,2002,38.9,44
SGP,2003,39,44
SGP,2004,39.2,44.1
SGP,2005,39.2,44.2
SGP,2006,39.4,44.3
SGP,2007,39.5,44.4
SGP,2008,39.5,44.4
SGP,2009,39.4,44.3
SGP,2010,39.4,44.2
SGP,2011,39.3,44.1
SGP,2012,39.2,44
SGP,2013,39,43.9
SGP,2014,38.8,43.7
SGP,2015,38.5,43.6
SGP,2016,38.4,43.5
SGP,2017,38.3,43.4
SVK,1988,18.2,32.8
SVK,1989,17.4,33.7
SVK,1990,17.3,35.2
SVK,1991,17.8,37
SVK,1992,18.8,39.1
SVK,1993,19.6,38.8
SVK,1994,21,39.5
SVK,1995,22.4,40.3
SVK,1996,23.8,40.9
SVK,1997,24.3,40.5
SVK,1998,24.7,40.3
SVK,1999,25.1,40.3
SVK,2000,25.5,40.5
SVK,2001,25.8,40.8
SVK,2002,26.2,41.4
SVK,2003,26.6,42.3
SVK,2004,26.8,43.2
SVK,2005,26.9,43.4
SVK,2006,25.7,42.1
SVK,2007,25.3,41.8
SVK,2008,25.3,41.6
SVK,2009,25.7,41.9
SVK,2010,25.7,41.9
SVK,2011,25.4,41.4
SVK,2012,25,40.8
SVK,2013,25.2,40.8
SVK,2014,24.7,40.3
SVK,2015,24.5,40.1
SVK,2016,24.3,39.8
SVN,1987,21.3,28.4
SVN,1988,21.3,28.5
SVN,1989,21.7,28.8
SVN,1990,22,29.1
SVN,1991,22.6,29.6
SVN,1992,23.2,30.2
SVN,1993,23.6,30.9
SVN,1994,23.4,31.6
SVN,1995,23.4,32.5
SVN,1996,23.4,33.6
SVN,1997,23.3,34.9
SVN,1998,23.3,35.4
SVN,1999,23.3,36.1
SVN,2000,23.3,36
SVN,2001,23.3,36.3
SVN,2002,23.3,36.8
SVN,2003,23.4,37.6
SVN,2004,23.5,38.8
SVN,2005,23.9,39.5
SVN,2006,23.8,39.6
SVN,2007,23.5,39.6
SVN,2008,23.6,39.6
SVN,2009,24.3,40.5
SVN,2010,24.7,41.1
SVN,2011,24.9,41.6
SVN,2012,25.5,42.5
SVN,2013,25.4,42.3
SVN,2014,25.2,42.1
SVN,2015,25,41.8
SVN,2016,24.8,41.5
SLB,2005,42.7,43.5
SLB,2006,42.6,43.5
SLB,2007,42.4,43.2
SLB,2008,42.3,43
SLB,2009,42.1,42.9
SLB,2010,41.9,42.6
SLB,2011,41.7,42.4
SLB,2012,41.5,42.2
SLB,2013,41.3,42
SOM,2002,36.1,39.3
ZAF,1975,58.2,63.2
ZAF,1976,58.2,63.4
ZAF,1977,58.3,63.4
ZAF,1978,58.4,63.6
ZAF,1979,58.4,63.7
ZAF,1980,58.4,63.8
ZAF,1981,58.4,63.9
ZAF,1982,58.5,64
ZAF,1983,58.5,64.1
ZAF,1984,58.6,64.2
ZAF,1985,58.6,64.4
ZAF,1986,58.7,64.5
ZAF,1987,58.7,64.6
ZAF,1988,58.8,64.7
ZAF,1989,58.9,64.8
ZAF,1990,58.9,65
ZAF,1991,59,65.1
ZAF,1992,59,65.2
ZAF,1993,59,65.3
ZAF,1994,59.1,65.5
ZAF,1995,59.1,65.7
ZAF,1996,59.2,65.9
ZAF,1997,59.3,66.1
ZAF,1998,59.3,66.2
ZAF,1999,59.4,66.4
ZAF,2000,59.4,66.6
ZAF,2001,59.5,66.8
ZAF,2002,59.6,67
ZAF,2003,59.8,67.2
ZAF,2004,59.9,67.5
ZAF,2005,60.1,67.7
ZAF,2006,60.1,68.1
ZAF,2007,59.9,68.3
ZAF,2008,59.7,68.5
ZAF,2009,59.7,68.6
ZAF,2010,59.5,68.5
ZAF,2011,59.6,68.4
ZAF,2012,59.4,68.1
ZAF,2013,59.7,68.1
ZAF,2014,60,68.2
ZAF,2015,60.3,68.2
SSD,2009,46.4,46
RUS,1980,24.6,27.5
RUS,1981,24.6,27.3
RUS,1982,24.6,27.3
RUS,1983,24.5,27.2
RUS,1984,24.5,27.1
RUS,1985,24.5,27.1
RUS,1986,24.5,27
RUS,1987,24.6,27
ESP,1974,33.1,40.4
ESP,1975,32.9,40.6
ESP,1976,32.7,40.8
ESP,1977,32.5,41
ESP,1978,32.3,41.2
ESP,1979,32.1,41.4
ESP,1980,31.9,41.6
ESP,1981,31.8,41.5
ESP,1982,31.6,41.5
ESP,1983,31.4,41.5
ESP,1984,31.1,41.5
ESP,1985,30.9,41.4
ESP,1986,30.5,40.7
ESP,1987,29.9,40.3
ESP,1988,29.5,40.2
ESP,1989,29.3,40.5
ESP,1990,29.9,41.4
ESP,1991,30,41
ESP,1992,30.1,41.2
ESP,1993,31.1,41.9
ESP,1994,31.9,43.1
ESP,1995,32.7,45
ESP,1996,32.2,43.7
ESP,1997,32.1,42.9
ESP,1998,31.4,42.3
ESP,1999,31,42.5
ESP,2000,31,43.6
ESP,2001,30.2,42.8
ESP,2002,29.9,42.8
ESP,2003,30.7,43.6
ESP,2004,31.4,44.6
ESP,2005,31.5,44.8
ESP,2006,31.7,45.5
ESP,2007,31.8,46.1
ESP,2008,32.5,47.5
ESP,2009,33.1,48.9
ESP,2010,33.7,50.4
ESP,2011,33.9,50.6
ESP,2012,34,50.9
ESP,2013,34.3,51.4
ESP,2014,34.1,51.1
ESP,2015,34.2,50.9
ESP,2016,34.2,50.8
LKA,1970,37.7,35.9
LKA,1971,37.9,36.1
LKA,1972,38.1,36.2
LKA,1973,38.3,36.4
LKA,1974,38.7,36.7
LKA,1975,39.1,37
LKA,1976,39.5,37.2
LKA,1977,39.9,37.5
LKA,1978,40.2,37.8
LKA,1979,40.6,37.9
LKA,1980,41,38.1
LKA,1981,41.3,38.4
LKA,1982,41.6,38.3
LKA,1983,41.8,38.1
LKA,1984,41.9,38.1
LKA,1985,42.2,38
LKA,1986,42.4,38.2
LKA,1987,42.6,38.1
LKA,1988,42.8,38.1
LKA,1989,43,38.1
LKA,1990,43.2,38
LKA,1991,43.5,38.2
LKA,1992,43.9,38.4
LKA,1993,44.2,38.5
LKA,1994,44.6,38.6
LKA,1995,44.9,38.8
LKA,1996,45.2,39.2
LKA,1997,45.7,39.5
LKA,1998,46.1,39.9
LKA,1999,46.6,40.1
LKA,2000,47.1,40.5
LKA,2001,47.5,40.8
LKA,2002,48,41.2
LKA,2003,48.1,41.5
LKA,2004,48.4,41.6
LKA,2005,48.7,41.8
LKA,2006,49,41.9
LKA,2007,49.1,41.9
LKA,2008,48.9,41.7
LKA,2009,48.8,41.5
LKA,2010,48.8,41.6
LKA,2011,48.8,41.7
LKA,2012,48.8,41.8
LKA,2013,48.8,42
LKA,2014,48.9,41.9
LKA,2015,48.9,41.9
LKA,2016,49,41.9
KNA,2000,40.9,40.1
KNA,2001,41,40.1
KNA,2002,41,40.1
KNA,2003,41,40.1
KNA,2004,41,40.2
KNA,2005,41.1,40.2
KNA,2006,41.2,40.2
KNA,2007,41.2,40.2
KNA,2008,41.2,40.2
KNA,2009,41.3,40.2
LCA,1995,45.4,46.8
LCA,1996,45.3,46.7
LCA,1997,45.4,46.7
LCA,1998,45.4,46.6
LCA,1999,45.4,46.6
LCA,2000,45.3,46.6
LCA,2001,45.3,46.6
LCA,2002,45.3,46.5
LCA,2003,45.3,46.5
LCA,2004,45.2,46.5
LCA,2005,45.2,46.4
LCA,2006,45.2,46.5
LCA,2007,45.3,46.5
VCT,1995,50.1,46.5
VCT,1996,49.9,46.4
VCT,1997,49.8,46.3
VCT,1998,49.6,46.3
VCT,1999,49.5,46.3
VCT,2000,49.4,46.2
VCT,2001,49.2,46.2
VCT,2002,49.1,46.1
VCT,2003,48.9,46.1
VCT,2004,48.8,46.1
VCT,2005,48.7,46.1
VCT,2006,48.5,46
VCT,2007,48.4,45.9
VCT,2008,48.3,45.9
SDN,1968,39.4,39
SDN,1969,39.3,39
SDN,1970,39.2,38.9
SDN,1971,39.2,38.8
SDN,1972,39.1,38.8
SDN,1973,39,38.8
SDN,1974,38.9,38.6
SDN,1975,38.9,38.5
SDN,1976,38.8,38.5
SDN,1977,38.7,38.5
SDN,1978,38.6,38.4
SDN,1979,38.5,38.3
SDN,1980,38.4,38.2
SDN,1981,38.3,38.2
SDN,1982,38.2,38.1
SDN,1983,38.2,38
SDN,1984,38.1,37.9
SDN,1985,38,37.8
SDN,1986,37.9,37.7
SDN,1987,37.9,37.7
SDN,1988,37.8,37.6
SDN,1989,37.7,37.6
SDN,1990,37.6,37.5
SDN,1991,37.5,37.5
SDN,1992,37.4,37.4
SDN,1993,37.3,37.3
SDN,1994,37.2,37.2
SDN,1995,37.2,37.1
SDN,1996,37.1,37
SDN,1997,37,37
SDN,1998,37,36.9
SDN,1999,36.9,36.9
SDN,2000,36.8,36.8
SDN,2001,36.7,36.8
SDN,2002,36.6,36.7
SDN,2003,36.5,36.6
SDN,2004,36.4,36.5
SDN,2005,36.4,36.4
SDN,2006,36.3,36.3
SDN,2007,36.2,36.2
SDN,2008,36.2,36.2
SDN,2009,36.1,36.1
SUR,1999,51.5,55.7
SUR,2000,51.6,55.7
SUR,2001,51.7,55.7
SUR,2002,51.7,55.7
SUR,2003,51.8,55.7
SUR,2004,51.9,55.7
SUR,2005,52,55.7
SWZ,1985,52.3,45.6
SWZ,1986,52.8,46
SWZ,1987,53.4,46.5
SWZ,1988,53.9,46.9
SWZ,1989,54.5,47.4
SWZ,1990,55,47.9
SWZ,1991,55.5,48.3
SWZ,1992,56.1,48.7
SWZ,1993,56.6,49.2
SWZ,1994,57.1,49.6
SWZ,1995,57.3,49.7
SWZ,1996,57.6,49.8
SWZ,1997,57.8,50
SWZ,1998,58,50
SWZ,1999,58.2,50.1
SWZ,2000,58.5,50.2
SWZ,2001,58.5,50.2
SWZ,2002,58.5,50.1
SWZ,2003,58.6,50.1
SWZ,2004,58.6,50.1
SWZ,2005,58.6,50.1
SWZ,2006,58.7,50.1
SWZ,2007,58.8,50.2
SWZ,2008,58.9,50.2
SWZ,2009,58.9,50.2
SWE,1960,36.3,50.7
SWE,1961,36.2,50.6
SWE,1962,35.9,50.3
SWE,1963,35.5,49.8
SWE,1964,34.9,49.1
SWE,1965,34.2,48.1
SWE,1966,33.3,47
SWE,1967,32.1,45.6
SWE,1968,32,45.9
SWE,1969,31.6,45.9
SWE,1970,31,45.8
SWE,1971,30.1,45.4
SWE,1972,28.9,44.9
SWE,1973,27.3,44
SWE,1974,25.3,43
SWE,1975,23,41.9
SWE,1976,23.1,41.8
SWE,1977,22.8,41.6
SWE,1978,22.1,41.2
SWE,1979,21.7,40.7
SWE,1980,21.1,40.8
SWE,1981,20.8,41
SWE,1982,20.9,40.9
SWE,1983,21.1,40.9
SWE,1984,21.4,41.5
SWE,1985,21.6,42
SWE,1986,21.8,42.5
SWE,1987,21.7,42.7
SWE,1988,21.9,42.7
SWE,1989,22.4,42.9
SWE,1990,22.6,43.5
SWE,1991,22.6,44
SWE,1992,23,45.4
SWE,1993,23.2,46
SWE,1994,23.6,47.2
SWE,1995,23,48.2
SWE,1996,23.7,47.6
SWE,1997,24.3,47.6
SWE,1998,24.4,47.4
SWE,1999,24.7,47.2
SWE,2000,24.8,47
SWE,2001,24.5,46.7
SWE,2002,24.2,46.5
SWE,2003,23.8,46.3
SWE,2004,23.7,46.3
SWE,2005,23.8,46.7
SWE,2006,24.3,47.2
SWE,2007,24.8,47.5
SWE,2008,25,47.3
SWE,2009,25.2,47.4
SWE,2010,25.3,47.4
SWE,2011,25.4,47.4
SWE,2012,25.5,47.4
SWE,2013,25.7,47.3
SWE,2014,25.7,47.1
SWE,2015,25.9,46.9
SWE,2016,26.1,46.8
CHE,1980,31.2,40.5
CHE,1981,31.2,40.2
CHE,1982,31.3,40
CHE,1983,31.2,40
CHE,1984,31.2,40
CHE,1985,31.2,40.1
CHE,1986,31.1,40.1
CHE,1987,31.1,40.1
CHE,1988,31,40.1
CHE,1989,31,40.1
CHE,1990,30.9,40.1
CHE,1991,30.9,40.1
CHE,1992,31,40.1
CHE,1993,30.7,40
CHE,1994,30.4,39.8
CHE,1995,30.1,39.7
CHE,1996,29.7,39.6
CHE,1997,29.4,39.4
CHE,1998,29.1,39.2
CHE,1999,28.7,39.1
CHE,2000,28.4,38.9
CHE,2001,28.2,39
CHE,2002,28,39.2
CHE,2003,28.1,39.5
CHE,2004,28.1,39.9
CHE,2005,28.6,40.3
CHE,2006,29.2,41.1
CHE,2007,29.7,41.3
CHE,2008,29.5,41.8
CHE,2009,29.3,41.8
CHE,2010,29.1,41.6
CHE,2011,28.7,42
CHE,2012,28.7,42.5
CHE,2013,28.9,42.7
CHE,2014,28.9,43.1
CHE,2015,28.9,43.3
SYR,1997,34.4,35.1
SYR,1998,34.5,35.2
SYR,1999,34.7,35.4
SYR,2000,34.8,35.5
SYR,2001,35,35.7
SYR,2002,35.2,36
SYR,2003,35.4,36.1
SYR,2004,35.5,36.3
SYR,2005,35.5,36.2
SYR,2006,35.4,36.2
SYR,2007,35.3,36.2
TWN,1964,27.8,29.7
TWN,1965,27.7,29.5
TWN,1966,27.5,29.4
TWN,1967,27.3,29.2
TWN,1968,27.2,29
TWN,1969,26.8,28.9
TWN,1970,26.4,28.6
TWN,1971,26.2,28.4
TWN,1972,26,28.2
TWN,1973,25.9,28
TWN,1974,25.8,27.8
TWN,1975,25.8,27.5
TWN,1976,25.7,27.4
TWN,1977,25.7,27.3
TWN,1978,25.9,27.3
TWN,1979,26.1,27.3
TWN,1980,26.3,27.3
TWN,1981,26.6,27.4
TWN,1982,26.9,28.1
TWN,1983,27.1,28.5
TWN,1984,27.2,28.6
TWN,1985,27.1,28.5
TWN,1986,27,28
TWN,1987,27.3,28.7
TWN,1988,27.6,29.1
TWN,1989,27.7,29.2
TWN,1990,27.7,29.2
TWN,1991,27.4,28.6
TWN,1992,27.8,29.5
TWN,1993,28.2,30.1
TWN,1994,28.4,30.5
TWN,1995,28.4,31.1
TWN,1996,28.6,30.6
TWN,1997,28.7,30.2
TWN,1998,28.9,30.5
TWN,1999,29,30.7
TWN,2000,29.1,30.8
TWN,2001,29.9,31.7
TWN,2002,30.2,32.2
TWN,2003,30.3,32.1
TWN,2004,30.3,32.1
TWN,2005,30.4,32.3
TWN,2006,30.3,32.3
TWN,2007,30.5,32.6
TWN,2008,30.5,32.3
TWN,2009,30.8,32.4
TWN,2010,31.2,32.7
TWN,2011,30.6,32.2
TWN,2012,30.3,32.2
TWN,2013,30.4,32.7
TWN,2014,29.9,32
TWN,2015,29.7,32.1
TWN,2016,30,33
TWN,2017,29.6,32.1
TJK,1988,31.8,33.3
TJK,1989,32.1,33.4
TJK,1990,32.8,33.8
TJK,1991,33.7,34.2
TJK,1992,34.6,34.7
TJK,1993,35.5,35.2
TJK,1994,36.4,35.6
TJK,1995,37.3,36
TJK,1996,38.2,36.5
TJK,1997,39.1,36.9
TJK,1998,40,37.4
TJK,1999,40.9,37.8
TJK,2000,41.6,38.2
TJK,2001,42.3,38.6
TJK,2002,43,38.9
TJK,2003,43.7,39.3
TJK,2004,43.8,39.3
TJK,2005,43.9,39.3
TJK,2006,43.9,39.3
TJK,2007,44,39.3
TJK,2008,43.9,39.1
TJK,2009,43.9,39.1
TJK,2010,43.9,39.1
TJK,2011,44,39.2
TJK,2012,44,39.2
TJK,2013,44.1,39.3
TJK,2014,44.3,39.4
TJK,2015,44.4,39.5
TZA,1969,39.7,35.9
TZA,1970,39.6,35.7
TZA,1971,39.5,35.5
TZA,1972,39.4,35.4
TZA,1973,39.3,35.2
TZA,1974,39.1,35
TZA,1975,39,34.9
TZA,1976,38.9,34.7
TZA,1977,38.7,34.6
TZA,1978,38.9,34.6
TZA,1979,39.1,34.6
TZA,1980,39.2,34.7
TZA,1981,39.4,34.8
TZA,1982,39.6,34.8
TZA,1983,39.7,34.8
TZA,1984,39.9,34.9
TZA,1985,40,34.9
TZA,1986,40.2,35
TZA,1987,40.4,35
TZA,1988,40.6,35
TZA,1989,40.8,35
TZA,1990,41,35
TZA,1991,41.1,35.1
TZA,1992,41.3,35.2
TZA,1993,41.4,35.3
TZA,1994,41.6,35.4
TZA,1995,41.8,35.6
TZA,1996,42.1,35.7
TZA,1997,42.3,35.9
TZA,1998,42.4,36
TZA,1999,42.6,36.2
TZA,2000,42.7,36.3
TZA,2001,42.8,36.4
TZA,2002,43,36.6
TZA,2003,43.2,36.8
TZA,2004,43.4,36.9
TZA,2005,43.6,37.1
TZA,2006,43.9,37.3
TZA,2007,44.1,37.5
TZA,2008,44.1,37.5
TZA,2009,44.1,37.5
TZA,2010,44.1,37.4
TZA,2011,44.1,37.4
TZA,2012,44.1,37.4
TZA,2013,44.2,37.6
TZA,2014,44.2,37.6
TZA,2015,44.2,37.6
THA,1962,41.2,41.1
THA,1963,41.3,41.3
THA,1964,41.4,41.4
THA,1965,41.5,41.6
THA,1966,41.5,41.8
THA,1967,41.7,41.9
THA,1968,41.8,42
THA,1969,41.8,42.2
THA,1970,41.9,42.4
THA,1971,41.9,42.5
THA,1972,42,42.7
THA,1973,42.1,42.9
THA,1974,42.1,43.1
THA,1975,42.2,43.2
THA,1976,42.5,43.5
THA,1977,42.6,43.8
THA,1978,42.9,44.1
THA,1979,43.1,44.4
THA,1980,43.3,44.6
THA,1981,43.5,44.9
THA,1982,43.7,45.2
THA,1983,43.9,45.5
THA,1984,44.1,45.8
THA,1985,44.3,46.1
THA,1986,44.5,46.3
THA,1987,44.5,46.3
THA,1988,44.5,46.4
THA,1989,44.6,46.4
THA,1990,44.7,46.3
THA,1991,44.7,46.3
THA,1992,44.8,46.3
THA,1993,44.6,46.1
THA,1994,44.4,45.9
THA,1995,44.2,45.8
THA,1996,44.1,45.6
THA,1997,44,45.6
THA,1998,43.9,45.5
THA,1999,43.9,45.6
THA,2000,43.8,45.5
THA,2001,43.5,45.3
THA,2002,43.3,45
THA,2003,43.1,44.9
THA,2004,43,44.7
THA,2005,42.8,44.5
THA,2006,42.6,44.3
THA,2007,42.1,43.8
THA,2008,41.6,43.2
THA,2009,41.1,42.7
THA,2010,40.7,42.1
THA,2011,40.3,41.7
THA,2012,39.8,41.2
THA,2013,39.5,40.9
THA,2014,39,40.5
THA,2015,38.8,40.3
THA,2016,38.7,40.3
THA,2017,38.7,40.3
TLS,2001,34,34.9
TLS,2002,33.7,34.5
TLS,2003,33.3,34.2
TLS,2004,32.9,33.8
TLS,2005,32.5,33.5
TLS,2006,32.1,33.1
TLS,2007,31.8,32.7
TLS,2008,31.7,32.6
TLS,2009,31.5,32.5
TLS,2010,31.4,32.3
TLS,2011,31.3,32.2
TLS,2012,31.2,32.1
TLS,2013,31,31.9
TLS,2014,30.9,31.8
TGO,2005,40.6,40.9
TGO,2006,40.9,41.3
TGO,2007,41.2,41.6
TGO,2008,41.5,41.8
TGO,2009,41.8,42.1
TGO,2010,42,42.4
TGO,2011,42.4,42.7
TGO,2012,42.4,42.7
TGO,2013,42.4,42.6
TGO,2014,42.4,42.6
TGO,2015,42.4,42.6
TON,1984,35.2,38.6
TON,1985,35.4,38.7
TON,1986,35.4,38.8
TON,1987,35.5,38.8
TON,1988,35.6,38.9
TON,1989,35.6,39
TON,1990,35.7,39
TON,1991,35.8,39.1
TON,1992,35.8,39.2
TON,1993,36,39.1
TON,1994,36.1,39.1
TON,1995,36.3,39.1
TON,1996,36.4,39.1
TON,1997,36.5,39.2
TON,1998,36.7,39.1
TON,1999,36.8,39.1
TON,2000,37,39.1
TON,2001,37.1,39.1
TON,2002,37.3,39.3
TON,2003,37.5,39.4
TON,2004,37.7,39.5
TON,2005,37.8,39.7
TON,2006,37.9,39.6
TON,2007,37.9,39.6
TON,2008,37.8,39.5
TON,2009,37.8,39.5
TTO,1972,41.6,43.5
TTO,1973,41.6,43.6
TTO,1974,41.6,43.7
TTO,1975,41.7,43.7
TTO,1976,41.7,43.9
TTO,1977,41.7,44
TTO,1978,41.6,44.1
TTO,1979,41.6,44.2
TTO,1980,41.7,44.3
TTO,1981,41.7,44.3
TTO,1982,41.7,44.4
TTO,1983,41.7,44.5
TTO,1984,41.6,44.5
TTO,1985,41.6,44.7
TTO,1986,41.6,44.8
TTO,1987,41.6,44.9
TTO,1988,41.6,44.9
TTO,1989,41.6,44.9
TTO,1990,41.6,44.9
TTO,1991,41.6,44.9
TTO,1992,41.7,44.9
TTO,1993,41.7,44.8
TTO,1994,41.7,44.8
TTO,1995,41.7,44.7
TTO,1996,41.7,44.6
TTO,1997,41.7,44.6
TTO,1998,41.7,44.6
TTO,1999,41.8,44.5
TTO,2000,41.8,44.5
TTO,2001,41.8,44.4
TTO,2002,41.8,44.3
TTO,2003,41.8,44.3
TTO,2004,41.8,44.2
TTO,2005,41.8,44.1
TUN,1985,41.3,42.2
TUN,1986,41.2,42.1
TUN,1987,41.1,42
TUN,1988,41,42
TUN,1989,40.9,41.8
TUN,1990,40.8,41.7
TUN,1991,40.8,41.7
TUN,1992,40.8,41.6
TUN,1993,40.7,41.6
TUN,1994,40.6,41.5
TUN,1995,40.5,41.5
TUN,1996,40.4,41.4
TUN,1997,40.3,41.3
TUN,1998,40.2,41.1
TUN,1999,40.1,41.1
TUN,2000,40,41
TUN,2001,39.8,40.8
TUN,2002,39.7,40.5
TUN,2003,39.5,40.4
TUN,2004,39.4,40.2
TUN,2005,39.2,40.1
TUN,2006,39,39.9
TUN,2007,38.8,39.7
TUN,2008,38.6,39.5
TUN,2009,38.4,39.3
TUN,2010,38.2,39.1
TUN,2011,38,38.9
TUN,2012,37.9,38.7
TUR,1987,42.4,41.8
TUR,1988,42.6,42
TUR,1989,42.8,42.1
TUR,1990,43,42.2
TUR,1991,43.3,42.4
TUR,1992,43.5,42.5
TUR,1993,43.7,42.7
TUR,1994,43.8,42.9
TUR,1995,43.7,42.8
TUR,1996,43.6,42.7
TUR,1997,43.5,42.6
TUR,1998,43.3,42.6
TUR,1999,43.2,42.5
TUR,2000,43.1,42.5
TUR,2001,42.9,42.4
TUR,2002,42.7,42.3
TUR,2003,42.6,42.3
TUR,2004,42.4,42.3
TUR,2005,42.1,42.2
TUR,2006,41.6,42.1
TUR,2007,41.1,41.9
TUR,2008,40.9,41.8
TUR,2009,40.7,41.7
TUR,2010,40.5,41.7
TUR,2011,40.2,41.7
TUR,2012,40,41.6
TUR,2013,39.8,41.5
TUR,2014,39.8,41.6
TUR,2015,39.9,41.7
TUR,2016,40,41.7
TUR,2017,39.9,41.7
TKM,1988,28.5,32.7
TKM,1989,28.9,33.2
TKM,1990,29.6,33.9
TKM,1991,30.3,34.7
TKM,1992,31.1,35.5
TKM,1993,31.8,36.3
TKM,1994,32.3,36.9
TKM,1995,32.7,37.6
TKM,1996,33.2,38.2
TKM,1997,33.6,38.8
TKM,1998,34.1,39.5
TKM,1999,34.3,39.7
TKM,2000,34.5,40
TKM,2001,34.6,40.3
TKM,2002,34.8,40.6
TKM,2003,34.9,40.8
TKM,2004,35.1,41.1
TKM,2005,35.2,41.4
TCA,1999,40.5,37.7
TUV,1994,40.7,41.1
TUV,1995,40.6,41.1
TUV,1996,40.5,41
TUV,1997,40.3,40.9
TUV,1998,40.2,40.8
TUV,1999,40.1,40.6
TUV,2000,40,40.5
TUV,2001,39.9,40.4
TUV,2002,39.8,40.3
TUV,2003,39.6,40.2
TUV,2004,39.5,40.1
TUV,2005,39.5,40.1
TUV,2006,39.5,40.1
TUV,2007,39.5,40.1
TUV,2008,39.5,40.1
TUV,2009,39.5,40.1
TUV,2010,39.6,40.1
UGA,1989,40.2,42
UGA,1990,40.1,42
UGA,1991,40,41.9
UGA,1992,39.9,41.9
UGA,1993,39.7,41.8
UGA,1994,39.7,41.9
UGA,1995,39.8,41.9
UGA,1996,39.8,42
UGA,1997,39.8,42.1
UGA,1998,39.9,42.2
UGA,1999,40.4,42.6
UGA,2000,40.7,42.9
UGA,2001,41.1,43.2
UGA,2002,41.5,43.4
UGA,2003,41.5,43.5
UGA,2004,41.5,43.5
UGA,2005,41.5,43.5
UGA,2006,41.5,43.5
UGA,2007,41.5,43.4
UGA,2008,41.5,43.4
UGA,2009,41.5,43.3
UGA,2010,41.3,43.1
UGA,2011,41.1,42.9
UGA,2012,40.9,42.7
UGA,2013,40.9,42.7
UGA,2014,41,42.7
UGA,2015,41.1,42.7
UGA,2016,41.2,42.7
UKR,1980,26.6,25.8
UKR,1981,26.2,25.5
UKR,1982,25.9,25.2
UKR,1983,25.5,24.9
UKR,1984,25.1,24.7
UKR,1985,24.7,24.3
UKR,1986,24,24
UKR,1987,23.4,23.6
UKR,1988,22.7,23.3
UKR,1989,22.6,23.1
UKR,1990,22.8,23.2
UKR,1991,23.5,23.4
UKR,1992,25.5,23.9
UKR,1993,27.7,24.5
UKR,1994,29.6,25
UKR,1995,31.5,25.6
UKR,1996,31.7,25.6
UKR,1997,31.4,25.4
UKR,1998,31.1,25.3
UKR,1999,30.9,25.1
UKR,2000,30.9,25
UKR,2001,30.7,24.8
UKR,2002,30.1,24.5
UKR,2003,29.8,24.3
UKR,2004,29.6,24.1
UKR,2005,29.3,23.8
UKR,2006,28.9,23.6
UKR,2007,28.3,23.3
UKR,2008,27.7,23
UKR,2009,27.2,22.7
UKR,2010,26.9,22.5
UKR,2011,26.7,22.3
UKR,2012,26.5,22.2
UKR,2013,26.5,22.1
UKR,2014,26.4,22
UKR,2015,26.4,21.9
UKR,2016,26.4,21.9
ARE,2008,38.9,39.4
GBR,1961,26.7,40.5
GBR,1962,26.6,40.5
GBR,1963,26.8,40.8
GBR,1964,26.7,40.7
GBR,1965,26.5,40.3
GBR,1966,26.5,40
GBR,1967,26.4,39.5
GBR,1968,26.4,38.9
GBR,1969,26.7,38.2
GBR,1970,26.8,39.2
GBR,1971,26.9,39.7
GBR,1972,26.9,39.8
GBR,1973,26.7,39.4
GBR,1974,26.4,38.8
GBR,1975,25.9,39.1
GBR,1976,25.8,39.5
GBR,1977,26,40
GBR,1978,26.2,40.5
GBR,1979,26.7,41.3
GBR,1980,27.3,42.1
GBR,1981,27.7,42.8
GBR,1982,28,43.4
GBR,1983,28.5,44.2
GBR,1984,28.9,45
GBR,1985,29.8,46.5
GBR,1986,30.7,48.6
GBR,1987,31.6,49.2
GBR,1988,32.3,50
GBR,1989,32.8,50.5
GBR,1990,33.4,51
GBR,1991,33.6,51.2
GBR,1992,33.8,52
GBR,1993,34.1,52.7
GBR,1994,34,53.3
GBR,1995,34,53.1
GBR,1996,33.6,52.5
GBR,1997,33.7,52.5
GBR,1998,34,52.7
GBR,1999,34.5,52.9
GBR,2000,34.2,52.7
GBR,2001,34.1,52.6
GBR,2002,33.9,52.5
GBR,2003,33.7,52.3
GBR,2004,34,52.5
GBR,2005,33.6,52.2
GBR,2006,33.7,52.4
GBR,2007,33.9,52.7
GBR,2008,34,53
GBR,2009,34,53.3
GBR,2010,33.5,53.7
GBR,2011,33.3,52.7
GBR,2012,33,52.4
GBR,2013,33,53
GBR,2014,33,52.2
GBR,2015,33.1,52.2
GBR,2016,33.4,52.6
GBR,2017,33,51.9
USA,1961,31.9,41.5
USA,1962,31.8,41.6
USA,1963,31.7,41.8
USA,1964,31.6,41.8
USA,1965,31.5,41.8
USA,1966,31.3,41.9
USA,1967,31.2,41.9
USA,1968,30.9,41.6
USA,1969,30.9,41.6
USA,1970,31,41.7
USA,1971,31.1,41.9
USA,1972,31.3,42
USA,1973,31.4,42.1
USA,1974,31.6,41.9
USA,1975,31.4,42
USA,1976,31.4,42.2
USA,1977,31.5,42.4
USA,1978,31.4,42.7
USA,1979,31.3,43
USA,1980,31.6,42.8
USA,1981,32.1,43.2
USA,1982,32.6,43.9
USA,1983,33.1,44.6
USA,1984,33.3,45
USA,1985,33.7,45.5
USA,1986,34.2,45.9
USA,1987,34.3,46.2
USA,1988,34.4,46.4
USA,1989,34.6,46.6
USA,1990,34.7,46.5
USA,1991,34.8,46.8
USA,1992,35,47.1
USA,1993,35.4,47.6
USA,1994,35.9,48.4
USA,1995,35.5,47.7
USA,1996,35.7,47.8
USA,1997,36,48.1
USA,1998,35.9,48
USA,1999,36,48
USA,2000,35.8,47.7
USA,2001,36.2,48.3
USA,2002,36.2,48.4
USA,2003,36.4,48.7
USA,2004,36.5,48.8
USA,2005,36.9,49.3
USA,2006,37.2,49.3
USA,2007,37.4,48.5
USA,2008,37,49.2
USA,2009,36.9,49.7
USA,2010,37,50.7
USA,2011,37.5,50.5
USA,2012,37.8,50.8
USA,2013,37.9,51.1
USA,2014,38.1,51.6
USA,2015,38.2,51.5
USA,2016,38.2,50.8
USA,2017,38.4,51.6
URY,1981,39.9,47.7
URY,1982,39.8,47.7
URY,1983,39.7,47.7
URY,1984,39.7,47.7
URY,1985,39.7,47.6
URY,1986,39.6,47.7
URY,1987,39.6,47.8
URY,1988,39.6,48
URY,1989,39.6,48.1
URY,1990,39.7,48.3
URY,1991,39.3,48.1
URY,1992,38.9,48
URY,1993,38.7,47.9
URY,1994,38.5,47.9
URY,1995,38.3,47.8
URY,1996,38.3,47.9
URY,1997,38.6,48.3
URY,1998,39,48.8
URY,1999,39.6,49.4
URY,2000,40,49.9
URY,2001,40.7,50.6
URY,2002,41.1,51.3
URY,2003,41.4,52.1
URY,2004,41.8,53
URY,2005,41.7,52.8
URY,2006,41.7,52.9
URY,2007,41.8,53.1
URY,2008,41.1,52.2
URY,2009,40.6,51.5
URY,2010,39.3,50.3
URY,2011,37.9,48.3
URY,2012,36.6,46.6
URY,2013,36.7,46.8
URY,2014,36.2,46.2
URY,2015,36,46.2
URY,2016,35.9,46.4
URY,2017,35.9,46.3
UZB,1988,29.4,35.7
UZB,1989,29.4,36
UZB,1990,29.8,36.6
UZB,1991,30.3,37.5
UZB,1992,30.8,38.3
UZB,1993,31.3,39.2
UZB,1994,31.8,40
UZB,1995,32.4,40.8
UZB,1996,33,41.6
UZB,1997,33.5,42.3
UZB,1998,34.1,43.1
UZB,1999,33.6,43.1
UZB,2000,33.1,43.2
UZB,2001,32.7,43.1
UZB,2002,32.2,43.1
UZB,2003,32.4,43.2
VUT,2006,38.9,40
VUT,2007,38.6,39.7
VUT,2008,38.2,39.3
VUT,2009,37.8,39
VUT,2010,37.5,38.7
VEN,1962,41.8,42
VEN,1963,41.8,42
VEN,1964,41.8,42
VEN,1965,41.8,42.1
VEN,1966,41.8,42.2
VEN,1967,41.9,42.2
VEN,1968,41.9,42.3
VEN,1969,41.9,42.4
VEN,1970,41.9,42.5
VEN,1971,41.8,42.5
VEN,1972,41.7,42.5
VEN,1973,41.6,42.5
VEN,1974,41.4,42.5
VEN,1975,41.2,42.4
VEN,1976,41.1,42.4
VEN,1977,40.8,42.4
VEN,1978,40.6,42.4
VEN,1979,40.4,42.4
VEN,1980,40.2,42.6
VEN,1981,40.1,42.7
VEN,1982,40,42.8
VEN,1983,40.1,42.9
VEN,1984,40.2,43.2
VEN,1985,40.3,43.4
VEN,1986,40.3,43.8
VEN,1987,40.4,44.2
VEN,1988,40.2,44.3
VEN,1989,40.1,44.5
VEN,1990,40.3,44.7
VEN,1991,40.4,45
VEN,1992,40.5,45.3
VEN,1993,41,45.7
VEN,1994,41.6,46.2
VEN,1995,42.1,46.6
VEN,1996,42.4,46.8
VEN,1997,42.9,47.1
VEN,1998,42.9,47.3
VEN,1999,42.8,47.4
VEN,2000,42.6,47.2
VEN,2001,42.7,47.2
VEN,2002,42.7,47.2
VEN,2003,42.4,46.9
VEN,2004,42,46.5
VEN,2005,41.6,46.1
VEN,2006,40.7,45.3
VEN,2007,39.9,44.5
VEN,2008,39.1,43.7
VEN,2009,38.5,43.1
VEN,2010,37.9,42.6
VEN,2011,37.6,42.2
VEN,2012,37.4,42
VEN,2013,37.2,41.9
VEN,2014,37,41.8
VEN,2015,36.9,41.7
VNM,1992,35.5,36.6
VNM,1993,35.5,36.7
VNM,1994,35.6,36.9
VNM,1995,35.7,37.1
VNM,1996,35.9,37.3
VNM,1997,36,37.5
VNM,1998,36.1,37.7
VNM,1999,36.2,38.1
VNM,2000,36.4,38.3
VNM,2001,36.7,38.6
VNM,2002,36.9,38.9
VNM,2003,37,39
VNM,2004,37.1,39.2
VNM,2005,37.2,39.2
VNM,2006,37.2,39.2
VNM,2007,37.3,39.4
VNM,2008,37.4,39.5
VNM,2009,37.6,39.7
VNM,2010,37.7,39.7
VNM,2011,37.5,39.6
VNM,2012,37.4,39.5
VNM,2013,37.4,39.5
VNM,2014,37.3,39.5
VNM,2015,37.4,39.5
VNM,2016,37.4,39.6
YEM,1992,36.2,36.7
YEM,1993,36,36.6
YEM,1994,35.8,36.4
YEM,1995,35.7,36.3
YEM,1996,35.5,36.2
YEM,1997,35.3,36.1
YEM,1998,35.2,36
YEM,1999,35.3,36.1
YEM,2000,35.4,36.2
YEM,2001,35.4,36.3
YEM,2002,35.5,36.4
YEM,2003,35.6,36.4
YEM,2004,35.7,36.6
YEM,2005,35.8,36.6
YEM,2006,35.9,36.8
YEM,2007,36,36.9
YEM,2008,36.1,36.9
YEM,2009,36.1,37
YEM,2010,36.2,37
YEM,2011,36.2,37
YEM,2012,36.2,37.1
YEM,2013,36.3,37.1
YEM,2014,36.3,37.1
ZMB,1976,51.9,51.4
ZMB,1977,51.9,51.5
ZMB,1978,51.8,51.6
ZMB,1979,51.8,51.7
ZMB,1980,51.9,51.8
ZMB,1981,51.9,51.9
ZMB,1982,52,51.9
ZMB,1983,52.1,52
ZMB,1984,52.1,52.1
ZMB,1985,52.1,52.1
ZMB,1986,52.1,52.2
ZMB,1987,52.2,52.4
ZMB,1988,52.2,52.5
ZMB,1989,52.2,52.5
ZMB,1990,52.2,52.5
ZMB,1991,52.3,52.6
ZMB,1992,52.1,52.4
ZMB,1993,51.9,52.2
ZMB,1994,51.8,52
ZMB,1995,51.6,51.8
ZMB,1996,51.3,51.5
ZMB,1997,51.3,51.5
ZMB,1998,51.3,51.5
ZMB,1999,51.3,51.7
ZMB,2000,51.3,51.8
ZMB,2001,51.4,51.8
ZMB,2002,51.5,51.9
ZMB,2003,51.9,52.4
ZMB,2004,52.4,52.9
ZMB,2005,52.7,53.2
ZMB,2006,53,53.6
ZMB,2007,53.3,53.8
ZMB,2008,53.5,54
ZMB,2009,53.7,54.2
ZMB,2010,53.9,54.5
ZMB,2011,54,54.6
ZMB,2012,54.1,54.8
ZMB,2013,54.2,54.8
ZMB,2014,54.3,55
ZMB,2015,54.4,55.1
ZWE,1995,47.5,48.1
ZWE,1996,47.4,48
ZWE,1997,47.4,47.9
ZWE,1998,47.3,47.8
ZWE,1999,47.2,47.7
ZWE,2000,47.1,47.7
ZWE,2001,47,47.5
ZWE,2002,46.9,47.3
ZWE,2003,46.7,47.1
ZWE,2004,46.5,47
ZWE,2005,46.3,46.8
ZWE,2006,46.2,46.6
ZWE,2007,46,46.5
ZWE,2008,45.8,46.3
ZWE,2009,45.6,46.1
ZWE,2010,45.4,45.9
ZWE,2011,45.3,45.7
